<?xml version="1.0" encoding="utf-8"?>
<prefix name="ajaxim" label="Instant Chat" language_tag="cn" language_label="简体中文"><key name="admin_settings_title"><value>即时聊天的设置</value></key><key name="auth_action_label_chat"><value>允许聊天</value></key><key name="auth_group_label"><value>即时聊天</value></key><key name="change_privacy_settings"><value>这里改变你的IM隐私</value></key><key name="chat"><value>聊天</value></key><key name="delete_chat"><value>删除聊天模块</value></key><key name="enable_sound_label"><value>开启声音</value></key><key name="friends_online"><value>在线好友</value></key><key name="general_settings_title"><value>普通设置</value></key><key name="last_message_sent"><value>最近发送的消息</value></key><key name="new_message"><value>*** 的新消息 ***</value></key><key name="no_contacts_online"><value>没有在线好友</value></key><key name="others_online"><value>其他</value></key><key name="privacy_action_invite_to_chat"><value>谁可以邀请我聊天</value></key><key name="save_btn"><value>保存设置</value></key><key name="send"><value>发送</value></key><key name="settings_friends_only_label"><value>只有好友能发送</value></key><key name="settings_saved"><value>保存设置</value></key><key name="user_is_not_authorized_chat"><value>'{$username}' 是未经授权的即时聊天</value></key><key name="user_is_offline"><value>[username] 已下线</value></key><key name="user_is_online"><value>[username] 在线</value></key><key name="user_offline"><value>离线</value></key><key name="user_settings_link"><value>设置</value></key><key name="user_settings_submit_label"><value>保存设置</value></key><key name="user_settings_title"><value>即时聊天设置</value></key><key name="warning_user_privacy_friends_only"><value>{$displayname} 只接受好友的聊天请求</value></key></prefix>
