<?xml version="1.0" encoding="utf-8"?>
<prefix name="base" label="BASE" language_tag="cn" language_label="简体中文"><key name="about_me_widget_content_saved"><value>说明更新</value></key><key name="about_me_widget_default_title"><value>关于我</value></key><key name="about_me_widget_inv_text"><value>这里添加你的个人信息</value></key><key name="activity_online"><value>当前在线</value></key><key name="activity_stamp"><value>活跃:</value></key><key name="activity_widget_title"><value>最新活跃</value></key><key name="add_comment"><value>评论</value></key><key name="admin_delete_user_text"><value>你确定要删除这个用户吗?</value></key><key name="ads_widget_panel_title"><value></value></key><key name="ajax_attachment_select_image"><value>更改图片</value></key><key name="ajax_attachment_select_image_title"><value>选自图片</value></key><key name="ajax_floatbox_users_title"><value>用户</value></key><key name="all"><value>所有</value></key><key name="approve"><value>审核</value></key><key name="approve_users"><value>审核用户</value></key><key name="approve_user_btn"><value>核准</value></key><key name="archive"><value>存档</value></key><key name="are_you_sure"><value>你确定吗?</value></key><key name="attch_add_video_button_label"><value>添加视频</value></key><key name="attch_attachment_label"><value>附件</value></key><key name="attch_photo_button_label"><value>照片附上</value></key><key name="attch_video_add_button_label"><value>添加</value></key><key name="attch_video_button_label"><value>视频附件</value></key><key name="authorization_action_base_add_comment"><value>写在评论墙上</value></key><key name="authorization_action_base_delete_comment_by_content_owner"><value>作者可以删除评论墙上的评论</value></key><key name="authorization_action_base_search_users"><value>搜索用户</value></key><key name="authorization_action_blogs_add"><value>添加博客文章</value></key><key name="authorization_action_blogs_add_comment"><value>添加评论</value></key><key name="authorization_action_blogs_delete_comment_by_content_owner"><value>内容所有者可以删除评论</value></key><key name="authorization_action_blogs_view"><value>预览</value></key><key name="authorization_action_event_add_comment"><value>评论事件</value></key><key name="authorization_action_event_add_event"><value>添加事件</value></key><key name="authorization_action_event_view_event"><value>查看事件</value></key><key name="authorization_action_forum_edit"><value>创建/编辑话题</value></key><key name="authorization_action_forum_move_topic_to_hidden"><value>隐藏该话题</value></key><key name="authorization_action_forum_subscribe"><value>订阅论坛话题</value></key><key name="authorization_action_forum_view"><value>查看话题</value></key><key name="authorization_action_friends_add_friend"><value>添加好友</value></key><key name="authorization_action_groups_add_comment"><value>写到评论墙</value></key><key name="authorization_action_groups_add_topic"><value>添加/编辑话题</value></key><key name="authorization_action_groups_create"><value>创建分组</value></key><key name="authorization_action_groups_delete_comment_by_content_owner"><value>作者可以删除评论墙的评论</value></key><key name="authorization_action_links_add"><value>添加链接</value></key><key name="authorization_action_links_add_comment"><value>写在评论墙上</value></key><key name="authorization_action_links_delete_comment_by_content_owner"><value>内容所有者可以删除评论</value></key><key name="authorization_action_links_view"><value>查看链接</value></key><key name="authorization_action_mailbox_read_message"><value>阅读收到的消息</value></key><key name="authorization_action_mailbox_send_message"><value>发送私信</value></key><key name="authorization_action_market_add_comment"><value>评论发布工作</value></key><key name="authorization_action_market_delete_comment_by_content_owner"><value>内容所有者可以删除评论</value></key><key name="authorization_action_market_post_jobs"><value>发布工作</value></key><key name="authorization_action_newsfeed_add_comment"><value>允许评论</value></key><key name="authorization_action_photo_add_comment"><value>评论照片</value></key><key name="authorization_action_photo_delete_comment_by_content_owner"><value>内容所有者可以删除评论</value></key><key name="authorization_action_photo_upload"><value>上传照片</value></key><key name="authorization_action_photo_view"><value>上传照片</value></key><key name="authorization_action_video_add"><value>添加视频</value></key><key name="authorization_action_video_add_comment"><value>评论视频</value></key><key name="authorization_action_video_delete_comment_by_content_owner"><value>内容所有者可以删除评论</value></key><key name="authorization_action_video_view"><value>查看视频</value></key><key name="authorization_action_virtualgifts_send_gift"><value>发送礼物</value></key><key name="authorization_failed_feedback"><value>由于权限限制，您不能查看此页</value></key><key name="authorization_failed_msg"><value>天啊，貌似您没有足够的权限</value></key><key name="authorization_feedback_roles_updated"><value>更新</value></key><key name="authorization_give_user_role"><value>更改角色</value></key><key name="authorization_group_base"><value>基本权限</value></key><key name="authorization_group_blogs"><value>博客</value></key><key name="authorization_group_event"><value>事件</value></key><key name="authorization_group_forum"><value>论坛</value></key><key name="authorization_group_friends"><value>好友</value></key><key name="authorization_group_groups"><value>小组</value></key><key name="authorization_group_links"><value>链接</value></key><key name="authorization_group_mailbox"><value>收件箱</value></key><key name="authorization_group_market"><value>超市</value></key><key name="authorization_group_membership"><value>会员</value></key><key name="authorization_group_newsfeed"><value>新闻动态</value></key><key name="authorization_group_photo"><value>图片</value></key><key name="authorization_group_usercredits"><value>用户积分</value></key><key name="authorization_group_video"><value>用户积分</value></key><key name="authorization_group_virtualgifts"><value>虚拟礼品</value></key><key name="authorization_role_gold"><value>虚拟礼品</value></key><key name="authorization_role_guest"><value>访客</value></key><key name="authorization_role_silver"><value>管理员</value></key><key name="authorization_role_silver1"><value>白银</value></key><key name="authorization_role_wqewq"><value>免费</value></key><key name="authorization_user_roles"><value>用户角色</value></key><key name="auth_group_label"><value>Base</value></key><key name="auth_identity_not_found_error_message"><value>无效的用户名或邮箱</value></key><key name="auth_invlid_password_error_message"><value>密码错误</value></key><key name="auth_success_message"><value>身份验证成功，请等待...</value></key><key name="auth_view_profile"><value>查看概况</value></key><key name="avatar_activity_string"><value>&lt;a href="{$userUrl}"&gt;{$user}&lt;/a&gt; 修改头像.</value></key><key name="avatar_apply_crop"><value>使用裁剪</value></key><key name="avatar_avatar_is"><value>头像是显示在您的个人资料中的缩小的图片</value></key><key name="avatar_back_profile_edit"><value>回到个人资料编辑</value></key><key name="avatar_btn_upload"><value>上传</value></key><key name="avatar_change"><value>更改头像</value></key><key name="avatar_change_avatar"><value>更改头像</value></key><key name="avatar_console_edit_profile"><value>编辑我的个人资料</value></key><key name="avatar_crop"><value>裁剪头像</value></key><key name="avatar_crop_instructions"><value>选择裁剪的区域，裁剪结果将在右侧显示，一旦出现你满意的结果，单击“应用裁剪”按钮</value></key><key name="avatar_current"><value>您的头像</value></key><key name="avatar_feed_string"><value>改变自己的头像</value></key><key name="avatar_new"><value>上传新头像</value></key><key name="avatar_picture"><value>你的头像图片</value></key><key name="avatar_preview"><value>预览</value></key><key name="avatar_select_image"><value>请选择图像文件</value></key><key name="avatar_upload_types"><value>头像图片支持&lt;span
			class="ow_txt_value"&gt;JPG&lt;/span&gt;/&lt;span
			class="ow_txt_value"&gt;GIF&lt;/span&gt;/&lt;span
			class="ow_txt_value"&gt;PNG&lt;/span&gt;格式</value></key><key name="avatar_user_list_select_button_label"><value>提交</value></key><key name="avatar_user_list_select_count_label"><value>#count# 用户选择</value></key><key name="avatar_user_select_empty_list_message"><value>你应该选择用户再继续</value></key><key name="avatar_widget"><value>头像</value></key><key name="base_document_403"><value>您没有权限访问该页面.</value></key><key name="base_document_403_heading"><value>禁止</value></key><key name="base_document_403_title"><value>Forbidden</value></key><key name="base_document_404"><value>很抱歉，文件不存在.</value></key><key name="base_document_404_heading"><value>未找到</value></key><key name="base_document_404_title"><value>未找到</value></key><key name="base_join_menu_item"><value>加入</value></key><key name="base_sign_in_cap_label"><value>请登录</value></key><key name="base_sign_in_or_label"><value>或者</value></key><key name="billing_amount"><value>Amount</value></key><key name="billing_currency_not_supported"><value>Payment provider does not support site active currency
			(&lt;b&gt;{$currency}&lt;/b&gt;)</value></key><key name="billing_details"><value>详细</value></key><key name="billing_gateway"><value>网关</value></key><key name="billing_gateway_not_found"><value>无效网关</value></key><key name="billing_gateway_products_binding"><value>计费网关产品结合</value></key><key name="billing_gateway_unavailable"><value>不可用</value></key><key name="billing_no_gateways"><value>没有激活支付网关</value></key><key name="billing_order_canceled"><value>您的订单已被取消</value></key><key name="billing_order_completed_successfully"><value>您的订单已成功完成</value></key><key name="billing_order_failed"><value>您的订单处理过程中发生错误</value></key><key name="billing_order_init_failed"><value>无法初始化顺序</value></key><key name="billing_order_page_heading"><value>{$gateway} 支付安全</value></key><key name="billing_order_processing"><value>正在处理您的订单</value></key><key name="billing_order_status_page_heading"><value>您的订单状态</value></key><key name="billing_order_verified"><value>您的订单已确认</value></key><key name="billing_pay_with"><value>支付安全</value></key><key name="billing_product"><value>产品</value></key><key name="billing_product_id"><value>网关产品ID</value></key><key name="billing_sale_not_found"><value>有关订单的信息没有被发现</value></key><key name="billing_statistics"><value>统计</value></key><key name="billing_transaction_id"><value>交易编号</value></key><key name="block_user_confirmation_label"><value>块确认</value></key><key name="by"><value>By</value></key><key name="cancel"><value>取消</value></key><key name="cancel_button"><value>取消</value></key><key name="cannot_delete_admin_user_msg"><value>首先，你应该从网站版主删除这个用户</value></key><key name="change"><value>更改</value></key><key name="change_password"><value>更改密码</value></key><key name="change_password_error"><value>密码没有改变</value></key><key name="change_password_new_password"><value>新密码</value></key><key name="change_password_old_password"><value>旧密码</value></key><key name="change_password_repeat_password"><value>重复新密码</value></key><key name="change_password_success"><value>密码已修改</value></key><key name="checkout"><value>检查</value></key><key name="check_all"><value>检查所有</value></key><key name="cmp_add_new_content_box_cap_label"><value>新加</value></key><key name="cmp_widget_wall_comments_count"><value>显示评论条数</value></key><key name="cmp_widget_wall_comments_mode"><value>显示模式</value></key><key name="cmp_widget_wall_comments_mode_option_1"><value>全部列表</value></key><key name="cmp_widget_wall_comments_mode_option_2"><value>分页显示</value></key><key name="comments_add_auth_message"><value>您不可以评论</value></key><key name="comments_add_login_message"><value>您需要登录才能评论</value></key><key name="comments_label"><value>评论</value></key><key name="comments_widget_label"><value>墙</value></key><key name="comment_add_auth_error"><value>发表评论发生错误</value></key><key name="comment_add_post_error"><value>处理请求发生错误</value></key><key name="comment_add_submit_label"><value>添加</value></key><key name="comment_box_cap_label"><value>评论墙</value></key><key name="comment_delete_confirm_message"><value>您确定要删除评论吗?</value></key><key name="comment_delete_label"><value>删除</value></key><key name="comment_no_comments"><value>没有评论</value></key><key name="comment_required_validator_message"><value>请输入评论信息</value></key><key name="comment_view_all"><value>查看所有 ({$count}) 条</value></key><key name="component_add_new_box_cap_label"><value>添加</value></key><key name="component_sign_in_login_invitation"><value>用户名/邮箱</value></key><key name="config_join_display_photo_upload_display_and_require_label"><value>显示并设置必填</value></key><key name="config_join_display_photo_upload_display_label"><value>显示</value></key><key name="config_join_display_photo_upload_not_display_label"><value>隐藏</value></key><key name="confirm_button"><value>确认</value></key><key name="confirm_page_cancel_label"><value>取消</value></key><key name="confirm_page_ok_label"><value>OK</value></key><key name="console_item_label_dashboard"><value>导航</value></key><key name="console_item_label_mailbox"><value>邮箱</value></key><key name="console_item_label_preferences"><value>首选项</value></key><key name="console_item_label_profile"><value>个人资料</value></key><key name="console_item_label_sign_out"><value>登出</value></key><key name="copyright"><value>© Copyright {$site_name}</value></key><key name="custom_html_widget_content_label"><value>内容 (text/HTML)</value></key><key name="custom_html_widget_default_title"><value>自定义文本</value></key><key name="custom_html_widget_nl2br_label"><value>转换新行  &lt;br /&gt;</value></key><key name="dashboard"><value>个人中心</value></key><key name="dashboard_heading"><value>个人中心</value></key><key name="date_time_at_label"><value>在</value></key><key name="date_time_cap_hour"><value>小时</value></key><key name="date_time_cap_minute"><value>分钟</value></key><key name="date_time_hours_ago"><value>{$hours} 小时前</value></key><key name="date_time_minutes_ago"><value>{$minutes} 分钟前</value></key><key name="date_time_month_short_1"><value>一月</value></key><key name="date_time_month_short_10"><value>十月</value></key><key name="date_time_month_short_11"><value>十一月</value></key><key name="date_time_month_short_12"><value>十二月</value></key><key name="date_time_month_short_2"><value>二月</value></key><key name="date_time_month_short_3"><value>三月</value></key><key name="date_time_month_short_4"><value>四月</value></key><key name="date_time_month_short_5"><value>五月</value></key><key name="date_time_month_short_6"><value>六月</value></key><key name="date_time_month_short_7"><value>七月</value></key><key name="date_time_month_short_8"><value>八月</value></key><key name="date_time_month_short_9"><value>九月</value></key><key name="date_time_one_hour_ago"><value>1小时前</value></key><key name="date_time_one_minute_ago"><value>1 分钟前</value></key><key name="date_time_today"><value>今天</value></key><key name="date_time_tomorrow"><value>明天</value></key><key name="date_time_week_0"><value>星期天</value></key><key name="date_time_week_1"><value>星期一</value></key><key name="date_time_week_2"><value>星期二</value></key><key name="date_time_week_3"><value>星期三</value></key><key name="date_time_week_4"><value>星期四</value></key><key name="date_time_week_5"><value>星期五</value></key><key name="date_time_week_6"><value>星期六</value></key><key name="date_time_within_one_minute"><value>1分钟内</value></key><key name="date_time_yesterday"><value>昨天</value></key><key name="day"><value>日</value></key><key name="delete"><value>删除</value></key><key name="delete_comment_by_content_owner"><value>内容所有者删除评论</value></key><key name="delete_profile"><value>删除资料</value></key><key name="delete_user_cancel_button"><value>取消</value></key><key name="delete_user_confirmation"><value>你确定要删除您的个人资料吗?</value></key><key name="delete_user_confirmation_label"><value>确认删除</value></key><key name="delete_user_content_label"><value>删除用户内容</value></key><key name="delete_user_delete_button"><value>删除</value></key><key name="delete_user_index"><value>删除文件</value></key><key name="delete_user_success_message"><value>帐户被删除,回到&lt;br /&gt;&#13;
			Go back to &lt;a href="{$site_url}"&gt;网站&lt;/a&gt;</value></key><key name="disapprove"><value>不赞成</value></key><key name="disapprove_user_btn"><value>不赞成</value></key><key name="edit"><value>编辑</value></key><key name="edit_activity_string"><value>&lt;a href="{$userUrl}"&gt;{$user}&lt;/a&gt; 编辑他们的个人资料</value></key><key name="edit_button"><value>保存</value></key><key name="edit_index"><value>编辑个人资料</value></key><key name="edit_profile_link"><value>编辑个人资料</value></key><key name="edit_remote_field_synchronize_title"><value>博客搬家</value></key><key name="edit_successfull_edit"><value>用户数据更新</value></key><key name="email_notifications_setting_user_comment"><value>有人评论我的个人资料</value></key><key name="email_verify_email_verify_fail"><value>对不起，电子邮件地址验证失败.&lt;br/&gt;最有可能的原因是:&lt;br/&gt; &#13;
			&lt;br/&gt; &#13;
			1) 确认您使用的链接是正确的，请复制正确的URL，并把它粘贴到地址栏.&#13;
			&lt;br/&gt;&lt;br/&gt;&#13;
			2) 链接5天之内没有被使用,已过期.</value></key><key name="email_verify_email_verify_success"><value>电子邮件验证成功</value></key><key name="email_verify_form_promo"><value>请输入验证码.</value></key><key name="email_verify_index"><value>电子邮件验证</value></key><key name="email_verify_invalid_verification_code"><value>无效的验证码</value></key><key name="email_verify_promo"><value>&lt;p&gt;&#13;
			请确认您的电子邮件地址.&lt;br /&gt;请点击 "发送" 按钮以接受一封含有验证码的邮件.&#13;
			&lt;/p&gt;&#13;
			&lt;p&gt;&#13;
			&lt;b&gt;如果您没有收到电子邮件&lt;/b&gt; 请添加
			&lt;i&gt;{$site_email}&lt;/i&gt; 到你的白名单/地址簿/联系人列表&#13;
			&lt;/p&gt;</value></key><key name="email_verify_send_verify_mail_button_label"><value>发送</value></key><key name="email_verify_subject"><value>电子邮件验证</value></key><key name="email_verify_template_html"><value>亲爱的 {$username},&lt;br /&gt;&#13;
			&lt;br /&gt;&#13;
			感谢您注册为{$site_name}用户! 现在，您需要验证您的电子邮件，通过点击这里 &lt;a href="{$url}"&gt;clicking here&lt;/a&gt;&lt;br
			/&gt;&#13;
			&lt;br /&gt;&#13;
			另外，您可以在验证页面中插入代码 &lt;a
			href="{$verification_page_url}"&gt;verification page&lt;/a&gt;:
			{$code}&lt;br /&gt;&#13;
			&lt;br /&gt;&#13;
			致谢!,&lt;br /&gt;&#13;
			{$site_name} 管理员</value></key><key name="email_verify_template_text"><value>亲爱的 {$username},&#13;
			&#13;
			感谢您注册为 {$site_name}用户! 您需要确认您的注册邮箱:点击这个链接 {$url}&#13;
			&#13;
			另外，您可以插入这个代码在验证页面
			{$verification_page_url} : &#13;
			{$code}&#13;
			&#13;
			谢谢,&#13;
			{$site_name} 管理</value></key><key name="email_verify_verification_code_label"><value>验证码</value></key><key name="email_verify_verification_code_submit_button_label"><value>提交</value></key><key name="email_verify_verify_mail_was_sent"><value>验证电子邮件发送成功</value></key><key name="empty_list"><value>&lt;center&gt;没有项目&lt;/center&gt;</value></key><key name="empty_user_avatar_list"><value>无用户</value></key><key name="empty_user_avatar_list_select"><value>无用户</value></key><key name="feed_activity_avatar_string"><value>对 {$user} 新头像评论</value></key><key name="feed_activity_avatar_string_like"><value>喜欢 {$user} 的新头像</value></key><key name="feed_activity_join_profile_string"><value>{$user} 加入我们的网站评论</value></key><key name="feed_activity_join_profile_string_like"><value>喜欢 {$user} 加入我们的网站</value></key><key name="feed_user_edit_profile"><value>编辑他们的个人资料</value></key><key name="feed_user_join"><value>加入我们的网站!</value></key><key name="flag"><value>Flag</value></key><key name="flagged_content"><value>Flagged content</value></key><key name="flags_deleted"><value>Flag deleted</value></key><key name="flags_users_reported"><value>报告该内容的用户数量</value></key><key name="flag_accepted"><value>Flag accepted</value></key><key name="flag_already_flagged"><value>You've already flagged this</value></key><key name="flag_as"><value>Flag this as...</value></key><key name="flag_flag"><value>flag</value></key><key name="flag_illegal"><value>Illegal</value></key><key name="flag_offence"><value>Offence</value></key><key name="flag_spam"><value>垃圾邮件</value></key><key name="forgot_password_cap_label"><value>输入您的电子邮件</value></key><key name="forgot_password_code_exists_error_message"><value>您今天已经接受过重置码。请在24小时后再试.</value></key><key name="forgot_password_email_invitation_message"><value>您的电子邮件地址</value></key><key name="forgot_password_form_text"><value>输入您注册时使用的电子邮件地址.</value></key><key name="forgot_password_heading"><value>忘记密码</value></key><key name="forgot_password_instructions"><value>要重置密码，你只需要输入你的电子邮件地址，接受重置码，并用它来修改您的旧密码.</value></key><key name="forgot_password_label"><value>忘记密码</value></key><key name="forgot_password_mail_template_content_html"><value>亲爱的 {$username},&lt;br /&gt;&#13;
			&lt;br /&gt;&#13;
			您要求重设密码，这里是您的新密码:
			&lt;b&gt;{$password}&lt;/b&gt;&lt;br /&gt;&#13;
			&lt;br /&gt;&#13;
			随时登录到您的帐户 &lt;a
			href="{$site_url}"&gt;{$site_url}&lt;/a&gt;如果有必要,可再次更改您的密码.&lt;br /&gt;&#13;
			&lt;br /&gt;&#13;
			感谢您的支持,祝您生活愉快!,&lt;br /&gt;&#13;
			{$site_name}</value></key><key name="forgot_password_mail_template_content_txt"><value>尊敬的 {$username},&#13;
			&#13;
			您要求重设密码, 这里是您的新密码:
			{$password}&#13;
			&#13;
			随意登录到您的帐户t {$site_url}如果有必要, 可再次更改您的密码.&#13;
			&#13;
			感谢您的支持,祝您生活愉快!,,&#13;
			{$site_name}</value></key><key name="forgot_password_mail_template_subject"><value>新的帐户密码</value></key><key name="forgot_password_no_user_error_message"><value>该邮件没有对应的用户</value></key><key name="forgot_password_request_exists_error_message"><value>重置代码已经发出. 请在10分钟后再尝试.</value></key><key name="forgot_password_submit_label"><value>Go</value></key><key name="forgot_password_success_message"><value>改变和确认新密码的邮件已发送到您的邮箱</value></key><key name="form_element_age_range"><value>(年龄范围)</value></key><key name="form_element_common_invitation_text"><value>在这里写...</value></key><key name="form_element_from"><value>从</value></key><key name="form_element_select_field_invitation_label"><value>选择</value></key><key name="form_element_submit_default_balue"><value>确定</value></key><key name="form_element_submit_default_value"><value>确定</value></key><key name="form_element_to"><value>到</value></key><key name="form_element_year_range"><value>(年龄范围)</value></key><key name="form_validate_common_error_message"><value>请正确填写表单</value></key><key name="form_validator_alphanumeric_error_message"><value>字母数字验证错误!</value></key><key name="form_validator_captcha_error_message"><value>验证码错误!</value></key><key name="form_validator_date_error_message"><value>日期验证错误!</value></key><key name="form_validator_email_error_message"><value>电子邮件验证错误!</value></key><key name="form_validator_float_error_message"><value>值不正确或大于服务器的限制.</value></key><key name="form_validator_int_error_message"><value>数值验证错误!</value></key><key name="form_validator_regexp_error_message"><value>正则匹配错误!</value></key><key name="form_validator_required_error_message"><value>必填</value></key><key name="form_validator_string_error_message"><value>字符串验证错误!</value></key><key name="form_validator_url_error_message"><value>Url 验证错误!</value></key><key name="for_approval"><value>审核</value></key><key name="geolocation_country_name_ABW"><value>阿鲁巴</value></key><key name="geolocation_country_name_AFG"><value>阿富汗</value></key><key name="geolocation_country_name_AGO"><value>安哥拉</value></key><key name="geolocation_country_name_AIA"><value>安圭拉</value></key><key name="geolocation_country_name_ALB"><value>阿尔巴尼亚</value></key><key name="geolocation_country_name_AND"><value>安道尔</value></key><key name="geolocation_country_name_ANT"><value>荷属安的列斯群岛</value></key><key name="geolocation_country_name_ARE"><value>阿拉伯联合酋长国</value></key><key name="geolocation_country_name_ARG"><value>阿根廷</value></key><key name="geolocation_country_name_ARM"><value>亚美尼亚</value></key><key name="geolocation_country_name_ASM"><value>美属萨摩亚</value></key><key name="geolocation_country_name_ATA"><value>南极洲</value></key><key name="geolocation_country_name_ATF"><value>法国南部领土</value></key><key name="geolocation_country_name_ATG"><value>安提瓜和巴布达</value></key><key name="geolocation_country_name_AUS"><value>澳大利亚</value></key><key name="geolocation_country_name_AUT"><value>奥地利</value></key><key name="geolocation_country_name_AZE"><value>阿塞拜疆</value></key><key name="geolocation_country_name_BDI"><value>布隆迪</value></key><key name="geolocation_country_name_BEL"><value>比利时</value></key><key name="geolocation_country_name_BEN"><value>贝宁</value></key><key name="geolocation_country_name_BFA"><value>布基纳法索</value></key><key name="geolocation_country_name_BGD"><value>孟加拉国</value></key><key name="geolocation_country_name_BGR"><value>保加利亚</value></key><key name="geolocation_country_name_BHR"><value>巴林</value></key><key name="geolocation_country_name_BHS"><value>巴哈马</value></key><key name="geolocation_country_name_BIH"><value>波斯尼亚和黑塞哥维那</value></key><key name="geolocation_country_name_BLR"><value>白俄罗斯</value></key><key name="geolocation_country_name_BLZ"><value>伯利兹</value></key><key name="geolocation_country_name_BMU"><value>百慕达</value></key><key name="geolocation_country_name_BOL"><value>玻利维亚</value></key><key name="geolocation_country_name_BRA"><value>巴西</value></key><key name="geolocation_country_name_BRB"><value>巴巴多斯</value></key><key name="geolocation_country_name_BRN"><value>文莱</value></key><key name="geolocation_country_name_BTN"><value>不丹</value></key><key name="geolocation_country_name_BVT"><value>布韦岛</value></key><key name="geolocation_country_name_BWA"><value>博茨瓦纳</value></key><key name="geolocation_country_name_CAF"><value>中非共和国</value></key><key name="geolocation_country_name_CAN"><value>加拿大</value></key><key name="geolocation_country_name_CHE"><value>瑞士</value></key><key name="geolocation_country_name_CHL"><value>智利</value></key><key name="geolocation_country_name_CHN"><value>中国</value></key><key name="geolocation_country_name_CIV"><value>科特迪瓦</value></key><key name="geolocation_country_name_CMR"><value>喀麦隆</value></key><key name="geolocation_country_name_COD"><value>刚果民主共和国</value></key><key name="geolocation_country_name_COG"><value>刚果</value></key><key name="geolocation_country_name_COK"><value>库克群岛</value></key><key name="geolocation_country_name_COL"><value>哥伦比亚</value></key><key name="geolocation_country_name_COM"><value>科摩罗</value></key><key name="geolocation_country_name_CPV"><value>佛得角</value></key><key name="geolocation_country_name_CRI"><value>哥斯达黎加</value></key><key name="geolocation_country_name_CUB"><value>古巴</value></key><key name="geolocation_country_name_CYM"><value>开曼群岛</value></key><key name="geolocation_country_name_CYP"><value>塞浦路斯</value></key><key name="geolocation_country_name_CZE"><value>捷克共和国</value></key><key name="geolocation_country_name_DEU"><value>德国</value></key><key name="geolocation_country_name_DJI"><value>吉布提</value></key><key name="geolocation_country_name_DMA"><value>多米尼加</value></key><key name="geolocation_country_name_DNK"><value>丹麦</value></key><key name="geolocation_country_name_DOM"><value>多米尼加共和国</value></key><key name="geolocation_country_name_DZA"><value>阿尔及利亚</value></key><key name="geolocation_country_name_ECU"><value>厄瓜多尔</value></key><key name="geolocation_country_name_EGY"><value>埃及</value></key><key name="geolocation_country_name_ERI"><value>厄立特里亚</value></key><key name="geolocation_country_name_ESP"><value>西班牙</value></key><key name="geolocation_country_name_EST"><value>爱沙尼亚</value></key><key name="geolocation_country_name_ETH"><value>埃塞俄比亚</value></key><key name="geolocation_country_name_FIN"><value>芬兰</value></key><key name="geolocation_country_name_FJI"><value>斐济</value></key><key name="geolocation_country_name_FLK"><value>福克兰群岛(马尔维纳斯群岛)</value></key><key name="geolocation_country_name_FRA"><value>法国</value></key><key name="geolocation_country_name_FRO"><value>法罗群岛</value></key><key name="geolocation_country_name_FSM"><value>密克罗尼西亚联邦</value></key><key name="geolocation_country_name_GAB"><value>加蓬</value></key><key name="geolocation_country_name_GBR"><value>英国</value></key><key name="geolocation_country_name_GEO"><value>格鲁吉亚</value></key><key name="geolocation_country_name_GGY"><value>格恩西</value></key><key name="geolocation_country_name_GHA"><value>加纳</value></key><key name="geolocation_country_name_GIB"><value>直布罗陀</value></key><key name="geolocation_country_name_GIN"><value>几内亚</value></key><key name="geolocation_country_name_GLP"><value>瓜德罗普岛</value></key><key name="geolocation_country_name_GMB"><value>冈比亚</value></key><key name="geolocation_country_name_GNB"><value>几内亚比绍</value></key><key name="geolocation_country_name_GNQ"><value>几内亚比绍</value></key><key name="geolocation_country_name_GRC"><value>希腊</value></key><key name="geolocation_country_name_GRD"><value>格林纳达</value></key><key name="geolocation_country_name_GRL"><value>格陵兰</value></key><key name="geolocation_country_name_GTM"><value>危地马拉</value></key><key name="geolocation_country_name_GUF"><value>法属圭亚那</value></key><key name="geolocation_country_name_GUM"><value>关岛</value></key><key name="geolocation_country_name_GUY"><value>圭亚那</value></key><key name="geolocation_country_name_HKG"><value>香港</value></key><key name="geolocation_country_name_HND"><value>洪都​​拉斯</value></key><key name="geolocation_country_name_HRV"><value>克罗地亚</value></key><key name="geolocation_country_name_HTI"><value>海地</value></key><key name="geolocation_country_name_HUN"><value>匈牙利</value></key><key name="geolocation_country_name_IDN"><value>印尼</value></key><key name="geolocation_country_name_IMN"><value>马恩岛</value></key><key name="geolocation_country_name_IND"><value>印度</value></key><key name="geolocation_country_name_IOT"><value>英属印度洋领地</value></key><key name="geolocation_country_name_IRL"><value>爱尔兰</value></key><key name="geolocation_country_name_IRN"><value>伊朗伊斯兰共和国</value></key><key name="geolocation_country_name_IRQ"><value>伊拉克</value></key><key name="geolocation_country_name_ISL"><value>冰岛</value></key><key name="geolocation_country_name_ISR"><value>以色列</value></key><key name="geolocation_country_name_ITA"><value>意大利</value></key><key name="geolocation_country_name_JAM"><value>牙买加</value></key><key name="geolocation_country_name_JEY"><value>新泽西</value></key><key name="geolocation_country_name_JOR"><value>约旦</value></key><key name="geolocation_country_name_JPN"><value>日本</value></key><key name="geolocation_country_name_KAZ"><value>哈萨克斯坦</value></key><key name="geolocation_country_name_KEN"><value>肯尼亚</value></key><key name="geolocation_country_name_KGZ"><value>吉尔吉斯斯坦</value></key><key name="geolocation_country_name_KHM"><value>柬埔寨</value></key><key name="geolocation_country_name_KIR"><value>基里巴斯</value></key><key name="geolocation_country_name_KNA"><value>圣基茨和尼维斯</value></key><key name="geolocation_country_name_KOR"><value>韩国</value></key><key name="geolocation_country_name_KWT"><value>科威特</value></key><key name="geolocation_country_name_LAO"><value>老挝</value></key><key name="geolocation_country_name_LBN"><value>黎巴嫩</value></key><key name="geolocation_country_name_LBR"><value>利比里亚</value></key><key name="geolocation_country_name_LBY"><value>阿拉伯利比亚民众国</value></key><key name="geolocation_country_name_LCA"><value>圣卢西亚</value></key><key name="geolocation_country_name_LIE"><value>列支敦士登</value></key><key name="geolocation_country_name_LKA"><value>斯里兰卡</value></key><key name="geolocation_country_name_LSO"><value>莱索托</value></key><key name="geolocation_country_name_LTU"><value>立陶宛</value></key><key name="geolocation_country_name_LUX"><value>卢森堡</value></key><key name="geolocation_country_name_LVA"><value>拉脱维亚</value></key><key name="geolocation_country_name_MAC"><value>澳门</value></key><key name="geolocation_country_name_MAF"><value>圣马丁</value></key><key name="geolocation_country_name_MAR"><value>摩洛哥</value></key><key name="geolocation_country_name_MCO"><value>摩纳哥</value></key><key name="geolocation_country_name_MDA"><value>摩尔多瓦共和国</value></key><key name="geolocation_country_name_MDG"><value>马达加斯加</value></key><key name="geolocation_country_name_MDV"><value>马尔代夫</value></key><key name="geolocation_country_name_MEX"><value>墨西哥</value></key><key name="geolocation_country_name_MHL"><value>马绍尔群岛</value></key><key name="geolocation_country_name_MKD"><value>前南斯拉夫的马其顿共和国</value></key><key name="geolocation_country_name_MLI"><value>马里</value></key><key name="geolocation_country_name_MLT"><value>马耳他</value></key><key name="geolocation_country_name_MMR"><value>缅甸</value></key><key name="geolocation_country_name_MNE"><value>黑山</value></key><key name="geolocation_country_name_MNG"><value>蒙古共和国</value></key><key name="geolocation_country_name_MNP"><value>北马里亚纳群岛</value></key><key name="geolocation_country_name_MOZ"><value>莫桑比克</value></key><key name="geolocation_country_name_MRT"><value>毛里塔尼亚</value></key><key name="geolocation_country_name_MSR"><value>蒙特塞拉特</value></key><key name="geolocation_country_name_MTQ"><value>马提尼克</value></key><key name="geolocation_country_name_MUS"><value>毛里求斯</value></key><key name="geolocation_country_name_MWI"><value>毛里求斯</value></key><key name="geolocation_country_name_MYS"><value>马来西亚</value></key><key name="geolocation_country_name_MYT"><value>马约特岛</value></key><key name="geolocation_country_name_NAM"><value>纳米比亚</value></key><key name="geolocation_country_name_NCL"><value>新喀里多尼亚</value></key><key name="geolocation_country_name_NER"><value>尼日尔</value></key><key name="geolocation_country_name_NFK"><value>诺福克岛</value></key><key name="geolocation_country_name_NGA"><value>尼日利亚</value></key><key name="geolocation_country_name_NIC"><value>尼加拉瓜</value></key><key name="geolocation_country_name_NIU"><value>纽埃</value></key><key name="geolocation_country_name_NLD"><value>荷兰</value></key><key name="geolocation_country_name_NOR"><value>挪威</value></key><key name="geolocation_country_name_NPL"><value>尼泊尔</value></key><key name="geolocation_country_name_NRU"><value>瑙鲁</value></key><key name="geolocation_country_name_NZL"><value>新西兰</value></key><key name="geolocation_country_name_OMN"><value>阿曼</value></key><key name="geolocation_country_name_PAK"><value>巴基斯坦</value></key><key name="geolocation_country_name_PAN"><value>巴拿马</value></key><key name="geolocation_country_name_PER"><value>秘鲁</value></key><key name="geolocation_country_name_PHL"><value>菲律宾</value></key><key name="geolocation_country_name_PLW"><value>帛琉</value></key><key name="geolocation_country_name_PNG"><value>巴布亚新几内亚</value></key><key name="geolocation_country_name_POL"><value>波兰</value></key><key name="geolocation_country_name_PRI"><value>波兰</value></key><key name="geolocation_country_name_PRK"><value>朝鲜</value></key><key name="geolocation_country_name_PRT"><value>葡萄牙</value></key><key name="geolocation_country_name_PRY"><value>巴拉圭</value></key><key name="geolocation_country_name_PSE"><value>巴勒斯坦领土占领区</value></key><key name="geolocation_country_name_PYF"><value>法属波利尼西亚</value></key><key name="geolocation_country_name_QAT"><value>卡塔尔</value></key><key name="geolocation_country_name_REU"><value>Reunion</value></key><key name="geolocation_country_name_ROM"><value>罗马尼亚</value></key><key name="geolocation_country_name_RUS"><value>俄罗斯联邦</value></key><key name="geolocation_country_name_RWA"><value>卢旺达</value></key><key name="geolocation_country_name_SAU"><value>沙特阿拉伯</value></key><key name="geolocation_country_name_SCG"><value>塞尔维亚和黑山</value></key><key name="geolocation_country_name_SDN"><value>苏丹</value></key><key name="geolocation_country_name_SEN"><value>塞内加尔</value></key><key name="geolocation_country_name_SGP"><value>新加坡</value></key><key name="geolocation_country_name_SGS"><value>南乔治亚岛和南桑威奇群岛</value></key><key name="geolocation_country_name_SLB"><value>所罗门群岛</value></key><key name="geolocation_country_name_SLE"><value>塞拉利昂</value></key><key name="geolocation_country_name_SLV"><value>萨尔瓦多</value></key><key name="geolocation_country_name_SMR"><value>圣马力诺</value></key><key name="geolocation_country_name_SOM"><value>索马里</value></key><key name="geolocation_country_name_SPM"><value>圣皮埃尔和密克隆</value></key><key name="geolocation_country_name_SRB"><value>塞尔维亚</value></key><key name="geolocation_country_name_STP"><value>圣多美和普林西比</value></key><key name="geolocation_country_name_SUR"><value>苏里南</value></key><key name="geolocation_country_name_SVK"><value>斯洛伐克</value></key><key name="geolocation_country_name_SVN"><value>斯洛文尼亚</value></key><key name="geolocation_country_name_SWE"><value>瑞典</value></key><key name="geolocation_country_name_SWZ"><value>斯威士兰</value></key><key name="geolocation_country_name_SYC"><value>塞舌尔</value></key><key name="geolocation_country_name_SYR"><value>阿拉伯叙利亚共和国</value></key><key name="geolocation_country_name_TCA"><value>特克斯和凯科斯群岛</value></key><key name="geolocation_country_name_TCD"><value>乍得</value></key><key name="geolocation_country_name_TGO"><value>多哥</value></key><key name="geolocation_country_name_THA"><value>泰国</value></key><key name="geolocation_country_name_TJK"><value>塔吉克斯坦</value></key><key name="geolocation_country_name_TKL"><value>托克劳</value></key><key name="geolocation_country_name_TKM"><value>托克劳</value></key><key name="geolocation_country_name_TLS"><value>东帝汶</value></key><key name="geolocation_country_name_TON"><value>汤加</value></key><key name="geolocation_country_name_TTO"><value>特里尼达和多巴哥</value></key><key name="geolocation_country_name_TUN"><value>突尼斯</value></key><key name="geolocation_country_name_TUR"><value>土耳其</value></key><key name="geolocation_country_name_TUV"><value>图瓦卢</value></key><key name="geolocation_country_name_TWN"><value>台湾</value></key><key name="geolocation_country_name_TZA"><value>坦桑尼亚联合共和国</value></key><key name="geolocation_country_name_UGA"><value>乌干达</value></key><key name="geolocation_country_name_UKR"><value>乌克兰</value></key><key name="geolocation_country_name_UMI"><value>美国本土外小岛屿</value></key><key name="geolocation_country_name_URY"><value>乌拉圭</value></key><key name="geolocation_country_name_USA"><value>美国</value></key><key name="geolocation_country_name_UZB"><value>乌兹别克斯坦</value></key><key name="geolocation_country_name_VAT"><value>教廷（梵蒂冈城国）</value></key><key name="geolocation_country_name_VCT"><value>圣文森特和格林纳丁斯</value></key><key name="geolocation_country_name_VEN"><value>委内瑞拉</value></key><key name="geolocation_country_name_VGB"><value>英属维尔京群岛</value></key><key name="geolocation_country_name_VIR"><value>美属维尔京群岛</value></key><key name="geolocation_country_name_VNM"><value>越南</value></key><key name="geolocation_country_name_VUT"><value>瓦努阿图</value></key><key name="geolocation_country_name_WLF"><value>瓦利斯群岛和富图纳群岛</value></key><key name="geolocation_country_name_WSM"><value>萨摩亚</value></key><key name="geolocation_country_name_YEM"><value>也门</value></key><key name="geolocation_country_name_ZAF"><value>南非</value></key><key name="geolocation_country_name_ZMB"><value>南非</value></key><key name="geolocation_country_name_ZWE"><value>津巴布韦</value></key><key name="join_activity_string"><value>&lt;a href="{$userUrl}"&gt;{$user}&lt;/a&gt; 现在加入!</value></key><key name="join_activity_user_avatar"><value>&lt;a href="{$userUrl}"&gt;&lt;img src="{$avatarUrl}"
			alt="{$user}"&gt;&lt;/a&gt;</value></key><key name="join_connect_title"><value>登陆</value></key><key name="join_error_email_already_exist"><value>对不起，此电子邮件已经注册</value></key><key name="join_error_email_not_valid"><value>请输入一个有效的电子邮件地址</value></key><key name="join_error_password_not_valid"><value>请输入有效的密码</value></key><key name="join_error_password_too_long"><value>密码应该少于15个字符</value></key><key name="join_error_password_too_short"><value>密码应该超过4个字符</value></key><key name="join_error_photo_file_is_not_valid"><value>不允许该文件类型</value></key><key name="join_error_username_already_exist"><value>对不起,该用户名已经存在</value></key><key name="join_error_username_not_valid"><value>请输入有效的用户名</value></key><key name="join_error_username_restricted"><value>对不起，这个用户名被限制</value></key><key name="join_form_title"><value>注册您的个人资料</value></key><key name="join_index"><value>加入社区</value></key><key name="join_index_join_button"><value>立即注册</value></key><key name="join_not_valid_invite_code"><value>对不起，注册功能已关闭</value></key><key name="join_or"><value>或</value></key><key name="join_promo"><value>加入我们快速成长的社区.寻找新的朋友,共享照片和视频.</value></key><key name="join_submit_button_continue"><value>继续</value></key><key name="join_submit_button_join"><value>注册</value></key><key name="join_successful_join"><value>注册成功</value></key><key name="local_page_content_page-119658"><value>&lt;p class="ow_stdmargin"&gt;&#13;
			欢迎来到我们的网站。如果您继续浏览和使用本网站，您同意遵守并使用下面的条款和条件，
			这与我们的隐私政策管辖我们之间的关系，以及您在本网站的约束。
			如果您不同意这些条款和条件的任何部分，很抱歉本站不能为您服务.&#13;
			&lt;/p&gt;&#13;
			&lt;p class="ow_stdmargin"&gt;&#13;
			“网站”或“我们”或“我们”是指网站的所有者。 “你”是指我们的网站的用户或访客.
			&#13;
			&lt;/p&gt;&#13;
			&lt;p class="ow_smallmargin"&gt;&#13;
			使用条款:&#13;
			&lt;/p&gt;&#13;
			&lt;ul class="ow_regular"&gt;&#13;
			&lt;li&gt;&#13;
			本网站的网页的内容是你的一般信息和使用。如有变更，恕不另行通知。 
  			 &#13;
			&lt;/li&gt;&#13;
			&lt;li&gt;&#13;
    		您需要认知，当您使用本网站作任何特定用途，我们或任何第三方不会提供任何担保，
    		我们明确排除任何可能危害到法律所允许的最大范围内的责任。
			.&#13;
			&lt;/li&gt;&#13;
			&lt;li&gt;&#13;
			您对本网站上的任何信息或材料的使用完全是您自己的风险，我们不承担任何责任。
    		确保任何产品，服务或通过本网站提供的资料满足您的具体要求，将是您的责任。
			&#13;
			&lt;/li&gt;&#13;
			&lt;li&gt;&#13;
			本网站包含的材料，可以拥有或授权给我们。这种材料，包括但不仅限于，设计，布局，
			外观，外观和图形。接到明确许可，严禁复制除外。
			&#13;
			&lt;/li&gt;&#13;
			&lt;li&gt;&#13;
			未经授权使用本网站可能会引起索赔的损害及/或其他法律纠纷。
			&#13;
			&lt;/li&gt;&#13;
			&lt;li&gt;&#13;
			本网站可能还包括其他网站的链接。这些链接为您提供方便，以提供进一步的信息。
			他们并不意味着我们赞同该网站（S）。我们没有任何链接网站的内容（S）的责任。
   			您同意不向本网站非法内容，并同意警告，如果你看到其他用户做的网站所有者
&#13;
			&lt;/li&gt;&#13;
			&lt;li&gt;&#13;
			您必须同意不向本发布非法内容，如果你看到其他用户这样做，欢迎举报。&#13;
			&lt;/li&gt;&#13;
			&lt;/ul&gt;</value></key><key name="local_page_content_page-225003"><value>sdffsdf</value></key><key name="local_page_content_page-283934"><value>whoohaa</value></key><key name="local_page_content_page-290357"><value>dsfsdfs&#13;
			sdfsfsdfsd&#13;
			sdfsdfsdf</value></key><key name="local_page_content_page-312097"><value>qqq</value></key><key name="local_page_content_page-354035"><value></value></key><key name="local_page_content_page-366195"><value>sfdaf</value></key><key name="local_page_content_page-396264"><value></value></key><key name="local_page_content_page-6940"><value>sdfsdf</value></key><key name="local_page_content_page-728242"><value>sdfsdfsdf</value></key><key name="local_page_content_page-775058"><value>qqqq</value></key><key name="local_page_content_page-939960"><value></value></key><key name="local_page_content_page_10919570"><value>ppp</value></key><key name="local_page_content_page_13904610"><value>custom page</value></key><key name="local_page_content_page_24622628"><value>custom page</value></key><key name="local_page_content_page_45248787"><value></value></key><key name="local_page_content_page_61525903"><value>base+local_page_content_page_61525903</value></key><key name="local_page_content_page_7680520"><value>jjj</value></key><key name="local_page_content_page_81959573"><value>&lt;p class="ow_smallmargin"&gt;&#13;
			感谢您访问我们的网站。本隐私政策将告诉您如何使用本网站收集的个人信息。
			使用本网站或提交任何个人信息前，请仔细阅读本隐私政策。通过使用本网站，
			您接受本隐私政策中所述的做法。这些做法可能会改变，但任何更改都将发布，
			将只适用于更新后的约束，不溯及既往的基础上，以活动和信息。建议您长期关注我们的隐私政策，
			，并确保您理解如何将使用您提供的任何个人信息。&#13;
			&lt;/p&gt;&#13;
			&lt;p class="ow_stdmargin"&gt;&#13;
			注：本隐私政策仅适用于本站。如果您链接到其他网站，情自行了解该网站的隐私政策。 &#13;
			&lt;/p&gt;&#13;
			&lt;h2 class="ow_smallmargin"&gt;收集信息 &lt;/h2&gt;&#13;
			&lt;p class="ow_stdmargin"&gt;&#13;
			我们收集个人识别信息，如姓名，电子邮件地址等，这些信息由访问者自愿提交。此信息仅用于为您提供
			本站的基础服务，并不会泄露于任何第三方。除非你给我们以其他的使用权限。&#13;
			&lt;/p&gt;&#13;
			&lt;h2 class="ow_smallmargin"&gt;Cookie/跟踪技术&lt;/h2&gt;&#13;
			&lt;p class="ow_stdmargin"&gt;&#13;
			本网站可能使用 cookie 和跟踪技术。  根据所提供的功能,
			Cookie和跟踪技术是有用的，如浏览器类型和操作系统的信息收集，跟踪到该网站的游客数量，
			并了解访客如何使用网站。cookie还可以帮助定制的网站，供游人。不能被收集的个人信息，
			通过cookies和其他跟踪技术，但是，如果你以前提供的个人识别信息，Cookie可能会被捆绑到这些信息。
			总结cookie和跟踪信息可能会与第三方共享。
			 &#13;
			&lt;/p&gt;&#13;
			&lt;h2 class="ow_smallmargin"&gt;信息的分布 &lt;/h2&gt;&#13;
			&lt;p class="ow_stdmargin"&gt;&#13;
			我们可能会与政府机关或其他防止欺诈的安全机构共享信息。
			我们会在以下前提下这样做：（1）​​法律要求;或
			（2）试图以防止或防止实际或潜在的欺诈或未经授权的交易，
			或者（3）已经发生的调查欺诈。信息将不向任何公司提供用户资料用于营销目的。 &#13;
			&lt;/p&gt;&#13;
			&lt;h2 class="ow_smallmargin"&gt;数据安全的承诺&lt;/h2&gt;&#13;
			&lt;p class="ow_stdmargin"&gt;&#13;
			您的个人识别在本站会受到保护。只有经授权的雇员，代理人和承包商（已同意保持信息安全和保密）
			访问此信息。从这个网站的所有电子邮件和通讯，允许你选择了进一步的邮件设置。 &#13;
			&lt;/p&gt;&#13;
			&lt;h2 class="ow_smallmargin"&gt;隐私联系信息&lt;/h2&gt;&#13;
			&lt;p class="ow_stdmargin"&gt;&#13;
			如果您有任何问题，疑虑或对我们的隐私政策的意见，您可以使用本站提供的联系方式联系我们。&#13;
			&lt;/p&gt;&#13;
			&lt;p&gt;&#13;
			我们保留权利作出改变这一政策。这一政策的任何更改将张贴。&#13;
			&lt;/p&gt;</value></key><key name="local_page_content_page_88027910"><value>mmm</value></key><key name="local_page_meta_tags_page-119658"><value>使用条款</value></key><key name="local_page_meta_tags_page-290357"><value></value></key><key name="local_page_meta_tags_page-354035"><value></value></key><key name="local_page_meta_tags_page-396264"><value></value></key><key name="local_page_meta_tags_page-939960"><value></value></key><key name="local_page_meta_tags_page_10919570"><value>ppp</value></key><key name="local_page_meta_tags_page_13904610"><value></value></key><key name="local_page_meta_tags_page_24622628"><value>custom page</value></key><key name="local_page_meta_tags_page_45248787"><value></value></key><key name="local_page_meta_tags_page_61525903"><value>base+local_page_meta_tags_page_61525903</value></key><key name="local_page_meta_tags_page_7680520"><value>&lt;meta&gt;custom meta&lt;/meta&gt;</value></key><key name="local_page_meta_tags_page_81959573"><value></value></key><key name="local_page_meta_tags_page_88027910"><value></value></key><key name="local_page_title_page-119658"><value>使用条款</value></key><key name="local_page_title_page-225003"><value>sdfsd</value></key><key name="local_page_title_page-283934"><value>whoohaa</value></key><key name="local_page_title_page-290357"><value>test</value></key><key name="local_page_title_page-312097"><value>qqq</value></key><key name="local_page_title_page-354035"><value></value></key><key name="local_page_title_page-366195"><value>2q3r3</value></key><key name="local_page_title_page-396264"><value></value></key><key name="local_page_title_page-6940"><value>sdf</value></key><key name="local_page_title_page-728242"><value>8aaxaxa</value></key><key name="local_page_title_page-775058"><value>aaa</value></key><key name="local_page_title_page-939960"><value></value></key><key name="local_page_title_page_10919570"><value>ppp</value></key><key name="local_page_title_page_13904610"><value>custom page</value></key><key name="local_page_title_page_24622628"><value>自定义页</value></key><key name="local_page_title_page_45248787"><value>Test installation on XAMP</value></key><key name="local_page_title_page_61525903"><value>base+local_page_title_page_61525903</value></key><key name="local_page_title_page_7680520"><value>jjj</value></key><key name="local_page_title_page_81959573"><value>Privacy Policy</value></key><key name="local_page_title_page_88027910"><value>mmm</value></key><key name="mail_template_admin_invite_user_content_html"><value>&lt;p&gt;&#13;
			Hi,&#13;
			&lt;/p&gt;&#13;
			&lt;p&gt;&#13;
			我们邀请您加入 - {$site_name}.&lt;br /&gt;&#13;
			请在 &lt;a href="{$url}"&gt;这里&lt;/a&gt;注册&#13;
			&lt;/p&gt;&#13;
			管理&lt;br /&gt;&#13;
			{$site_url}</value></key><key name="mail_template_admin_invite_user_content_text"><value>Hi,&#13;
			&#13;
			我们邀请您加入 - {$site_name}.&#13;
			请在这里加入: {$url}&#13;
			&#13;
			管理&#13;
			{$site_url}</value></key><key name="mail_template_admin_invite_user_subject"><value>邀请加入 {$site_name}</value></key><key name="maintenance_disable_message"><value>按照这种 &lt;a href="{$url}"&gt;连接&lt;/a&gt; 禁用模式</value></key><key name="main_menu_index"><value>主页</value></key><key name="main_menu_my_profile"><value>我的资料</value></key><key name="manage_plugins_add_success_message"><value>P插件上传和安装准备</value></key><key name="manage_plugins_install_empty_key_error_message"><value>无法安装插件</value></key><key name="manage_plugins_install_error_message"><value>安装插件"{$plugin}"时发生错误. 请卸载它，然后重试。</value></key><key name="mark_email_unverified_btn"><value>标记的邮件未验证</value></key><key name="mark_email_verified_btn"><value>标记的邮件验证</value></key><key name="massmailing_unsubscribe"><value>退订</value></key><key name="massmailing_unsubscribe_confirmation"><value>请确认您不想接收来自本网站的邮件.</value></key><key name="massmailing_unsubscribe_failed"><value>退订失败 &#13;
			&lt;br /&gt;&#13;
			请确保你输入正确的退订连接.</value></key><key name="massmailing_unsubscribe_successful"><value>您已成功退订.&#13;
			&lt;br /&gt;&#13;
			谢谢！</value></key><key name="max_upload_filesize"><value>(服务器限制 {$value} Mb)</value></key><key name="media_panel_file_deleted"><value>删除</value></key><key name="moderator_panel"><value>主面板</value></key><key name="month"><value>月</value></key><key name="month_1"><value>一月</value></key><key name="month_10"><value>十月</value></key><key name="month_11"><value>十一月</value></key><key name="month_12"><value>十二月</value></key><key name="month_2"><value>二月</value></key><key name="month_3"><value>三月</value></key><key name="month_4"><value>四月</value></key><key name="month_5"><value>五月</value></key><key name="month_6"><value>六月</value></key><key name="month_7"><value>七月</value></key><key name="month_8"><value>八月</value></key><key name="month_9"><value>九月</value></key><key name="more"><value>更多信息</value></key><key name="mp_gal_align"><value>调整</value></key><key name="mp_gal_center"><value>中心</value></key><key name="mp_gal_delete"><value>删除</value></key><key name="mp_gal_fullsize"><value>全尺寸</value></key><key name="mp_gal_hide"><value>隐藏</value></key><key name="mp_gal_ins_into_post"><value>插入到文章</value></key><key name="mp_gal_left"><value>左</value></key><key name="mp_gal_none"><value>没有</value></key><key name="mp_gal_pic_url"><value>URL</value></key><key name="mp_gal_preview"><value>预览</value></key><key name="mp_gal_right"><value>右</value></key><key name="mp_gal_show"><value>显示</value></key><key name="my_avatar_widget"><value>我的个人资料</value></key><key name="my_profile_heading"><value>我的个人资料</value></key><key name="my_profile_title"><value>我的个人资料</value></key><key name="new_message_count_text"><value>你有 {$count} 个新信息</value></key><key name="no"><value>不</value></key><key name="notification_section_label"><value>基本</value></key><key name="not_valid_image"><value>无效的图像</value></key><key name="not_writable_avatar_dir"><value>头像文件夹丢失或者不能写入.</value></key><key name="openwack"><value>社区软件</value></key><key name="page-119658"><value>使用条款</value></key><key name="page-290357"><value>测试</value></key><key name="page-354035"><value></value></key><key name="page-396264"><value></value></key><key name="page-518675"><value></value></key><key name="page-728242"><value>8aaxaxa</value></key><key name="page-939960"><value></value></key><key name="pages_add_item"><value>新增项目</value></key><key name="pages_add_submit"><value>提交</value></key><key name="pages_back"><value>返回</value></key><key name="pages_label"><value>页:</value></key><key name="page_10919570"><value>ppp</value></key><key name="page_13904610"><value>自定义页</value></key><key name="page_24622628"><value>自定义页</value></key><key name="page_45248787"><value>test</value></key><key name="page_61525903"><value></value></key><key name="page_81959573"><value>隐私政策</value></key><key name="page_88027910"><value>mmm</value></key><key name="paging_label_first"><value>««</value></key><key name="paging_label_last"><value>»»</value></key><key name="paging_label_next"><value>»</value></key><key name="paging_label_prev"><value>«</value></key><key name="password_protection_cap_label"><value>输入密码</value></key><key name="password_protection_error_message"><value>无效的密码</value></key><key name="password_protection_submit_label"><value>进入</value></key><key name="password_protection_success_message"><value>跳转中...</value></key><key name="password_protection_text"><value>很抱歉,该网站不对公众公开.</value></key><key name="preference_index"><value>我的偏好</value></key><key name="preference_mass_mailing_subscribe_description"><value>取消选中此框,停止接收群发邮件</value></key><key name="preference_mass_mailing_subscribe_label"><value>订阅电子报</value></key><key name="preference_no_items"><value>没有项目</value></key><key name="preference_preference_data_not_changed"><value>设置没有改变</value></key><key name="preference_preference_data_was_saved"><value>设置已改变</value></key><key name="preference_section_general"><value>一般</value></key><key name="preference_submit_button"><value>保存</value></key><key name="privacy_action_view_my_presence_on_site"><value>查看我浏览过的网站</value></key><key name="privacy_action_view_profile"><value>查看我的个人资料</value></key><key name="profile_comment_notification"><value>&lt;a href="{$userUrl}"&gt;{$userName}&lt;/a&gt; 评论了您的个人资料: 
			&lt;a href="{$profileUrl}"&gt;我的个人资料e&lt;/a&gt;</value></key><key name="profile_toolbar_user_approve_label"><value>核准</value></key><key name="profile_toolbar_user_delete_label"><value>删除</value></key><key name="profile_view_heading"><value>{$username}</value></key><key name="profile_view_title"><value>{$username}</value></key><key name="questions_account_type_290365aadde35a97f11207ca7e4279cc"><value>标准</value></key><key name="questions_account_type_77f92557420351da5a45e37a13857657"><value>test11</value></key><key name="questions_account_type_all"><value>所有帐户类型</value></key><key name="questions_account_type_db5c851569c8660abb5ad2441d38d3fc"><value>test1</value></key><key name="questions_account_type_df9807bd2ba1808afb2ab52a7b74fc90"><value>test test test</value></key><key name="questions_account_type_ef5e279523aed72d87fd8a1fd59d592f"><value>一般用户</value></key><key name="questions_account_type_was_added"><value>帐户类型已添加</value></key><key name="questions_add_new_account_type"><value>添加新的帐户类型</value></key><key name="questions_admin_add_new_values"><value>添加新内容</value></key><key name="questions_admin_delete_label"><value>删除</value></key><key name="questions_admin_description_label"><value>简短说明</value></key><key name="questions_admin_edit_label"><value>编辑</value></key><key name="questions_admin_question_label"><value>问题</value></key><key name="questions_age_year_old"><value>y.o.</value></key><key name="questions_checkbox_value_false"><value>不是</value></key><key name="questions_checkbox_value_true"><value>是</value></key><key name="questions_config_date_field_format_dmy"><value>日/月/年</value></key><key name="questions_config_date_field_format_label"><value>日期格式</value></key><key name="questions_config_date_field_format_mdy"><value>月/日/年</value></key><key name="questions_config_user_view_presentation_description"><value>如果您有很多个人资料的问题,查看"个人资料"标签的页面也许可以帮到您.</value></key><key name="questions_config_user_view_presentation_label"><value>按标签查看</value></key><key name="questions_empty_lang_value"><value>没有内容</value></key><key name="questions_menu_add"><value>添加问题</value></key><key name="questions_menu_editAccountType"><value>编辑帐户类型</value></key><key name="questions_menu_index"><value>个人资料的问题</value></key><key name="questions_menu_settings"><value>设置</value></key><key name="questions_no_section_label"><value>没有内容</value></key><key name="questions_question_06c1ce07a38cb0267e45ec955ed84a6f_description"><value>test</value></key><key name="questions_question_06c1ce07a38cb0267e45ec955ed84a6f_label"><value>test</value></key><key name="questions_question_2be5f9666f2a291d33705d58a902d84a_description"><value>test1</value></key><key name="questions_question_2be5f9666f2a291d33705d58a902d84a_label"><value>test1</value></key><key name="questions_question_4bddc7149038118992db4e734414520d_description"><value></value></key><key name="questions_question_4bddc7149038118992db4e734414520d_label"><value></value></key><key name="questions_question_4bddc7149038118992db4e734414520d_value_1"><value></value></key><key name="questions_question_4bddc7149038118992db4e734414520d_value_16"><value></value></key><key name="questions_question_4bddc7149038118992db4e734414520d_value_2"><value></value></key><key name="questions_question_4bddc7149038118992db4e734414520d_value_32"><value></value></key><key name="questions_question_4bddc7149038118992db4e734414520d_value_4"><value></value></key><key name="questions_question_4bddc7149038118992db4e734414520d_value_8"><value></value></key><key name="questions_question_55c95a36e50b0d7a795fb1caa8a8e520_description"><value>qwe</value></key><key name="questions_question_55c95a36e50b0d7a795fb1caa8a8e520_label"><value>qwe</value></key><key name="questions_question_55c95a36e50b0d7a795fb1caa8a8e520_value_1"><value>qqqqqqqqq</value></key><key name="questions_question_55c95a36e50b0d7a795fb1caa8a8e520_value_2"><value>qqqqqqqqq</value></key><key name="questions_question_55c95a36e50b0d7a795fb1caa8a8e520_value_4"><value>3333333333</value></key><key name="questions_question_707a72f79f82d1bfbc35f9e857af97c5_description"><value></value></key><key name="questions_question_707a72f79f82d1bfbc35f9e857af97c5_label"><value></value></key><key name="questions_question_739a83996f701966485290779f4ff2b5_description"><value>eee</value></key><key name="questions_question_739a83996f701966485290779f4ff2b5_label"><value>eee</value></key><key name="questions_question_739a83996f701966485290779f4ff2b5_value_1"><value>aaaa</value></key><key name="questions_question_739a83996f701966485290779f4ff2b5_value_1024"><value>d</value></key><key name="questions_question_739a83996f701966485290779f4ff2b5_value_128"><value>ddd</value></key><key name="questions_question_739a83996f701966485290779f4ff2b5_value_16"><value>aaa</value></key><key name="questions_question_739a83996f701966485290779f4ff2b5_value_16384"><value>d</value></key><key name="questions_question_739a83996f701966485290779f4ff2b5_value_2"><value>aaa2</value></key><key name="questions_question_739a83996f701966485290779f4ff2b5_value_2048"><value>c</value></key><key name="questions_question_739a83996f701966485290779f4ff2b5_value_256"><value>a</value></key><key name="questions_question_739a83996f701966485290779f4ff2b5_value_32"><value>sss</value></key><key name="questions_question_739a83996f701966485290779f4ff2b5_value_32768"><value>d</value></key><key name="questions_question_739a83996f701966485290779f4ff2b5_value_4"><value>33</value></key><key name="questions_question_739a83996f701966485290779f4ff2b5_value_4096"><value>d</value></key><key name="questions_question_739a83996f701966485290779f4ff2b5_value_512"><value>s</value></key><key name="questions_question_739a83996f701966485290779f4ff2b5_value_64"><value>a</value></key><key name="questions_question_739a83996f701966485290779f4ff2b5_value_8"><value>44</value></key><key name="questions_question_739a83996f701966485290779f4ff2b5_value_8192"><value>d</value></key><key name="questions_question_7747d430cc0be5d22223baf1082b34c9_description"><value>fdbfbfd</value></key><key name="questions_question_7747d430cc0be5d22223baf1082b34c9_label"><value>bfbdf</value></key><key name="questions_question_7747d430cc0be5d22223baf1082b34c9_value_1"><value>question</value></key><key name="questions_question_7747d430cc0be5d22223baf1082b34c9_value_2"><value>eyrtyetrwau</value></key><key name="questions_question_7747d430cc0be5d22223baf1082b34c9_value_4"><value>eewiura</value></key><key name="questions_question_7f2450f06779439551c75a8566c4070e_value_1"><value>213</value></key><key name="questions_question_7f2450f06779439551c75a8566c4070e_value_16"><value>12</value></key><key name="questions_question_7f2450f06779439551c75a8566c4070e_value_2"><value>12321</value></key><key name="questions_question_7f2450f06779439551c75a8566c4070e_value_32"><value>321</value></key><key name="questions_question_7f2450f06779439551c75a8566c4070e_value_4"><value>21312</value></key><key name="questions_question_7f2450f06779439551c75a8566c4070e_value_8"><value>123</value></key><key name="questions_question_7fbd88047415229961f4d2aac620fe25_value_1"><value>werwrw</value></key><key name="questions_question_7fbd88047415229961f4d2aac620fe25_value_16"><value>ew</value></key><key name="questions_question_7fbd88047415229961f4d2aac620fe25_value_2"><value>wer</value></key><key name="questions_question_7fbd88047415229961f4d2aac620fe25_value_32"><value>r</value></key><key name="questions_question_7fbd88047415229961f4d2aac620fe25_value_4"><value>wr</value></key><key name="questions_question_7fbd88047415229961f4d2aac620fe25_value_64"><value>w</value></key><key name="questions_question_7fbd88047415229961f4d2aac620fe25_value_8"><value>wer</value></key><key name="questions_question_9221d78a4201eac23c972e1d4aa2cee6_description"><value></value></key><key name="questions_question_9221d78a4201eac23c972e1d4aa2cee6_label"><value>Music</value></key><key name="questions_question_9c187792aa5cda7256f032ed2e517512_description"><value></value></key><key name="questions_question_9c187792aa5cda7256f032ed2e517512_label"><value></value></key><key name="questions_question_a5115de7f38988e748370a59ba0b311d_value_1"><value>112</value></key><key name="questions_question_a5115de7f38988e748370a59ba0b311d_value_2"><value>12312</value></key><key name="questions_question_a5115de7f38988e748370a59ba0b311d_value_4"><value>123123</value></key><key name="questions_question_a5115de7f38988e748370a59ba0b311d_value_8"><value>12312312</value></key><key name="questions_question_accountType_description"><value>选择帐户类型</value></key><key name="questions_question_accountType_label"><value>帐户类型</value></key><key name="questions_question_account_type_label"><value>帐户类型</value></key><key name="questions_question_birthdate_description"><value></value></key><key name="questions_question_birthdate_label"><value>生日</value></key><key name="questions_question_c441a8a9b955647cdf4c81562d39068a_description"><value></value></key><key name="questions_question_c441a8a9b955647cdf4c81562d39068a_label"><value>喜欢的书</value></key><key name="questions_question_c5dc53f371fe6ba3001a7c7e31bd95fc_description"><value></value></key><key name="questions_question_c5dc53f371fe6ba3001a7c7e31bd95fc_label"><value>我可以帮助别人</value></key><key name="questions_question_c5dc53f371fe6ba3001a7c7e31bd95fc_value_1"><value>安装</value></key><key name="questions_question_c5dc53f371fe6ba3001a7c7e31bd95fc_value_16"><value>咨询</value></key><key name="questions_question_c5dc53f371fe6ba3001a7c7e31bd95fc_value_2"><value>故障排除</value></key><key name="questions_question_c5dc53f371fe6ba3001a7c7e31bd95fc_value_4"><value>插件开发</value></key><key name="questions_question_c5dc53f371fe6ba3001a7c7e31bd95fc_value_8"><value>主题设计</value></key><key name="questions_question_d37d41b71a78dfb62b379d0aa7bd3ba5_value_1"><value>123</value></key><key name="questions_question_d8aa20d67fbb6c6864e46c474d0bde10_description"><value></value></key><key name="questions_question_d8aa20d67fbb6c6864e46c474d0bde10_label"><value>1</value></key><key name="questions_question_d8aa20d67fbb6c6864e46c474d0bde10_value_1"><value>sdfsdfsdfsdf1333</value></key><key name="questions_question_d8aa20d67fbb6c6864e46c474d0bde10_value_128"><value>as</value></key><key name="questions_question_d8aa20d67fbb6c6864e46c474d0bde10_value_16"><value>asf</value></key><key name="questions_question_d8aa20d67fbb6c6864e46c474d0bde10_value_2"><value>safdas</value></key><key name="questions_question_d8aa20d67fbb6c6864e46c474d0bde10_value_256"><value>fa</value></key><key name="questions_question_d8aa20d67fbb6c6864e46c474d0bde10_value_32"><value>as</value></key><key name="questions_question_d8aa20d67fbb6c6864e46c474d0bde10_value_4"><value>asfas</value></key><key name="questions_question_d8aa20d67fbb6c6864e46c474d0bde10_value_512"><value>sf</value></key><key name="questions_question_d8aa20d67fbb6c6864e46c474d0bde10_value_64"><value>asf</value></key><key name="questions_question_d8aa20d67fbb6c6864e46c474d0bde10_value_8"><value>asfasf</value></key><key name="questions_question_dc15d35b1be0e31b4c69bdaddb5298ff_description"><value>ddd</value></key><key name="questions_question_dc15d35b1be0e31b4c69bdaddb5298ff_label"><value>ddd</value></key><key name="questions_question_ecef9fe729d11241c04609c3a7ca468e_description"><value>test2</value></key><key name="questions_question_ecef9fe729d11241c04609c3a7ca468e_label"><value>test2</value></key><key name="questions_question_email_description"><value>应该是有效的</value></key><key name="questions_question_email_label"><value>邮箱</value></key><key name="questions_question_joinStamp_description"><value></value></key><key name="questions_question_joinStamp_label"><value>注册日期</value></key><key name="questions_question_match_sex_description"><value></value></key><key name="questions_question_match_sex_label"><value>寻找</value></key><key name="questions_question_match_sex_value_1"><value>男</value></key><key name="questions_question_match_sex_value_2"><value>女</value></key><key name="questions_question_password_description"><value></value></key><key name="questions_question_password_label"><value>密码</value></key><key name="questions_question_presentation_age_label"><value>日期 (年龄)</value></key><key name="questions_question_presentation_birthdate_label"><value>日期 (生日)</value></key><key name="questions_question_presentation_checkbox_label"><value>是/否</value></key><key name="questions_question_presentation_date_label"><value>日期</value></key><key name="questions_question_presentation_multicheckbox_label"><value>选择题</value></key><key name="questions_question_presentation_password_label"><value>密码</value></key><key name="questions_question_presentation_radio_label"><value>单项选择题 (单选)</value></key><key name="questions_question_presentation_range_label"><value>范围</value></key><key name="questions_question_presentation_select_label"><value>单项选择 (下拉)</value></key><key name="questions_question_presentation_textarea_label"><value>扩展文本</value></key><key name="questions_question_presentation_text_label"><value>文本</value></key><key name="questions_question_presentation_url_label"><value>URL</value></key><key name="questions_question_realname_description"><value>姓名</value></key><key name="questions_question_realname_label"><value>真实姓名</value></key><key name="questions_question_relationship_description"><value></value></key><key name="questions_question_relationship_label"><value>这里</value></key><key name="questions_question_relationship_value_1"><value>趣味</value></key><key name="questions_question_relationship_value_2"><value>所有</value></key><key name="questions_question_relationship_value_4"><value>约会</value></key><key name="questions_question_relationship_value_8"><value>友谊</value></key><key name="questions_question_repeatPassword_description"><value></value></key><key name="questions_question_repeat_password_label"><value>重复密码</value></key><key name="questions_question_sex_description"><value></value></key><key name="questions_question_sex_label"><value>性别</value></key><key name="questions_question_sex_value_1"><value>男</value></key><key name="questions_question_sex_value_2"><value>女</value></key><key name="questions_question_username_description"><value>应该只包含字母和数字</value></key><key name="questions_question_username_label"><value>用户名</value></key><key name="questions_question_user_photo_description"><value></value></key><key name="questions_question_user_photo_label"><value>用户照片</value></key><key name="questions_question_user_terms_of_use_label"><value>我同意 &lt;a target='blank'
			href='{$site_url}terms-of-use' &gt;使用条款&lt;/a&gt;</value></key><key name="questions_section_47f3a94e6cfe733857b31116ce21c337_label"><value>兴趣</value></key><key name="questions_section_captcha_label"><value>验证码</value></key><key name="questions_section_e46697c921740b10b1ac7223a14155b2_label"><value>test</value></key><key name="questions_section_f90cde5913235d172603cc4e7b9726e3_label"><value>基本</value></key><key name="questions_section_terms_of_use_label"><value>使用条款</value></key><key name="questions_section_user_photo_label"><value>用户照片</value></key><key name="quick_links_cap_label"><value>快速链接</value></key><key name="rates_box_cap_label"><value>支持</value></key><key name="rate_cmp_auth_error_message"><value>游客不能参与评价</value></key><key name="rate_cmp_owner_cant_rate_error_message"><value>你不能评价自己的内容</value></key><key name="rate_cmp_success_message"><value>评价成功</value></key><key name="reset_password_cap_label"><value>创建新的密码</value></key><key name="reset_password_code_expired_cap_label"><value>重置码过期</value></key><key name="reset_password_code_expired_text"><value>很抱歉,您的重置代码是无效的或过期的。请点击下面的
			 &lt;a href="{$url}"&gt;连接&lt;/a&gt; 重试.</value></key><key name="reset_password_field_label"><value>新密码</value></key><key name="reset_password_form_text"><value>你好 {$username}, 输入新密码:</value></key><key name="reset_password_heading"><value>重置您的密码</value></key><key name="reset_password_length_error_message"><value>Password length should be between {$min} and {$max} symbols</value></key><key name="reset_password_mail_template_content_html"><value>亲爱的 {$username},&#13;
			&lt;br /&gt;&#13;
			您要求重设您的密码,请点击以下连接({$resetUrl}) 修改您的密码.&#13;
			&lt;br /&gt;&#13;
			如果点击连接无效,手动在这里输入代码
			({$requestUrl}). 代码: {$code}&#13;
			&lt;br /&gt;&#13;
			如果您没有要求重设密码,请忽略本邮件.&#13;
			&lt;br /&gt;&lt;br /&gt;&#13;
			感谢您的支持,&#13;
			{$site_name}&lt;br /&gt;</value></key><key name="reset_password_mail_template_content_txt"><value>亲爱的 {$username},&#13;
			&#13;
			您要求重设密码. 请点击此链接({$resetUrl}) to
			更改您的密码.&#13;
			&#13;
			如果链接不起作用，手动在这里输入代码
			({$requestUrl}). 代码: {$code}&#13;
			&#13;
			如果您没有要求重设密码,请忽略本邮件.&#13;
			&#13;
			谢谢您的支持,&#13;
			{$site_name}</value></key><key name="reset_password_mail_template_subject"><value>新的密码重置代码</value></key><key name="reset_password_not_equal_error_message"><value>'密码'和'重复密码'应该一致</value></key><key name="reset_password_repeat_field_label"><value>重复密码</value></key><key name="reset_password_request_cap_label"><value>输入你的重置代码</value></key><key name="reset_password_request_form_text"><value>这里输入您收到的重置代码,然后您就可以重新设置您的密码.</value></key><key name="reset_password_request_heading"><value>重置密码请求</value></key><key name="reset_password_request_invalid_code_error_message"><value>请输入有效的重置代码</value></key><key name="reset_password_request_submit_label"><value>提交</value></key><key name="reset_password_submit_label"><value>提交</value></key><key name="reset_password_success_message"><value>修改密码成功</value></key><key name="rss_widget_count_label"><value>项目计数</value></key><key name="rss_widget_default_title"><value>RSS</value></key><key name="rss_widget_title_only_label"><value>仅标题</value></key><key name="rss_widget_url_invalid_msg"><value>输入有效的 URL</value></key><key name="rss_widget_url_label"><value>URL</value></key><key name="search_users"><value>搜索用户</value></key><key name="sidebar_menu_view_all_questions"><value>查看所有问题</value></key><key name="sign_in_remember_me_label"><value>记住我</value></key><key name="sign_in_submit_label"><value>登录</value></key><key name="site_email_verify_subject"><value>验证邮箱</value></key><key name="site_email_verify_template_html"><value>&lt;p&gt;&#13;
			您好,&#13;
			&lt;/p&gt;&#13;
			&lt;p&gt;&#13;
			有人 (可能是您)试图把这个邮箱设为 &lt;a href="{$site_url}"&gt;{$site_name}&lt;/a&gt; 网站的正式联系邮箱.&#13;
			&lt;/p&gt;&#13;
			&lt;p&gt;&#13;
			要完成这个过程,你需要打开以下网址来验证这个电子邮件地址: &lt;a
			href="{$url}"&gt;{$url}&lt;/a&gt;&#13;
			&lt;/p&gt;&#13;
			&lt;p&gt;&#13;
			另外, 您可以打开这个网址 &lt;a href="{$verification_page_url}"&gt;this
			URL&lt;/a&gt; 并粘贴以下代码:
			&lt;b&gt;{$code}&lt;/b&gt;&#13;
			&lt;/p&gt;&#13;
			&lt;p&gt;&#13;
			如果您没有试图使用本邮箱作为正式联系邮箱,请忽略本邮件.&#13;
			&lt;/p&gt;&#13;
			&lt;p&gt;&#13;
			感谢您的支持,&lt;br /&gt;&#13;
			&lt;br /&gt;&#13;
			{$site_name}&lt;br /&gt;&#13;
			管理员
			{$site_url}&#13;
			&lt;/p&gt;</value></key><key name="site_email_verify_template_text"><value>您好,&#13;
			&#13;
			有人 (可能是您)试图把这个邮箱设为{$site_name} ({$site_url}) 网站的正式联系邮箱&#13;
			&#13;
			要完成这个过程,你需要打开以下网址来验证这个电子邮件地址: {$url}&#13;
			&#13;
			另外, 您可以打开这个网址: {$verification_page_url} 并粘贴以下代码: {$code}&#13;
			&#13;
			如果您没有试图使用本邮箱作为正式联系邮箱,请忽略本邮件&#13;
			&#13;
			感谢您的支持,&#13;
			&#13;
			{$site_name}&#13;
			管理员
			{$site_url}</value></key><key name="sort_control_sortby"><value>排序</value></key><key name="suspended_user_page_content"><value>&lt;center&gt;很抱歉,您的账号已被暂停,请联系管理员.&lt;/center&gt;</value></key><key name="suspend_user_btn"><value>暂停</value></key><key name="tags_cloud_cap_label"><value>标签</value></key><key name="tag_cloud_cap_label"><value>按标签浏览</value></key><key name="tag_search"><value>标签搜索</value></key><key name="tag_search_empty_value_error"><value>请输入标签</value></key><key name="tf_allow_pics"><value>允许图片上传</value></key><key name="tf_img_choose_file"><value>选择文件</value></key><key name="tf_img_from_url"><value>远程图片</value></key><key name="tf_img_gal"><value>相册</value></key><key name="tf_img_max_size"><value>文件大小限制</value></key><key name="tf_img_types"><value>允许上传文件类型:</value></key><key name="tf_img_url"><value>图片的 URL</value></key><key name="tf_insert"><value>插入</value></key><key name="tf_max_img_size"><value>最大文件限制</value></key><key name="tf_sett_section"><value>富文本输入</value></key><key name="time"><value>时间</value></key><key name="total_score_label"><value>总计:&lt;/span&gt; (&lt;span
			class="ow_outline"&gt;{$ratesCount}&lt;/span&gt; rates)</value></key><key name="unique_local_page_error"><value>对不起,这个地址的页面已经存在</value></key><key name="unsuspend_user_btn"><value>重新激活</value></key><key name="upload"><value>上传</value></key><key name="upload_file_cant_write_file_error"><value>文件无法写入到磁盘</value></key><key name="upload_file_extension_is_not_allowed"><value>文件扩展名不允许</value></key><key name="upload_file_fail"><value>文件上传失败!</value></key><key name="upload_file_file_partially_uploaded_error"><value>上传的文件只有部分被上传</value></key><key name="upload_file_invalid_extention_error"><value>一个PHP扩展停止了文件上传,PHP不提供确定哪些扩展终止了文件上传的方法。</value></key><key name="upload_file_max_upload_filesize_error"><value>文件大小超过了最大上传文件限制</value></key><key name="upload_file_no_file_error"><value>没有文件被上传</value></key><key name="upload_file_no_tmp_dir_error"><value>缺少临时文件夹.</value></key><key name="usercredits_action_add_comment"><value>写在评论墙</value></key><key name="usercredits_action_daily_login"><value>每日登录</value></key><key name="usercredits_action_search_users"><value>搜索用户</value></key><key name="usercredits_action_user_join"><value>用户加入</value></key><key name="users"><value>用户</value></key><key name="users_browse_page_heading"><value>浏览用户</value></key><key name="users_main_menu_item"><value>会员</value></key><key name="user_action_mark_as_featured"><value>标记为特色</value></key><key name="user_action_unmark_as_featured"><value>从特色移除</value></key><key name="user_approved"><value>用户批准</value></key><key name="user_approved_mail_html"><value>&lt;p&gt;&#13;
			尊敬的 {$user_name},&#13;
			&lt;/p&gt;&#13;
			&lt;p&gt;&#13;
			恭喜您,您的账号 &lt;a
			href="{$site_url}"&gt;{$site_name}&lt;/a&gt; 已被批准. Now
			现在您可以在这里查看: &lt;a
			href="{$site_url}"&gt;{$site_url}&lt;/a&gt;&#13;
			&lt;/p&gt;&#13;
			&lt;p&gt;&#13;
			我们希望您尽情享受本站带给您的乐趣.&#13;
			&lt;/p&gt;&#13;
			&lt;p&gt;&#13;
			谢谢您选择本站,&lt;br /&gt;&#13;
			管理员敬上&lt;br /&gt;&#13;
			&lt;a href="{$site_url}"&gt;{$site_name}&lt;/a&gt;&#13;
			&lt;/p&gt;</value></key><key name="user_approved_mail_subject"><value>您的账户已经被批准</value></key><key name="user_approved_mail_txt"><value>尊敬的 {$user_name},&#13;
			&#13;
			我们很高兴的通知您,您在 {$site_name} 的账户已被批准
			现在您可以点击从这里: {$site_url}登陆您 的账户&#13;
			&#13;
			我们希望您尽情享受本站带给您的乐趣.&#13;
			&#13;
			谢谢您选择本站&#13;
			管理员敬上&#13;
			{$site_name}&#13;
			{$site_url}</value></key><key name="user_block_btn_lbl"><value>阻止</value></key><key name="user_block_confirm_message"><value>你确定你要阻止这个用户? &lt;br /&gt;&lt;br&#13;
			/&gt; 这将取消,并防止所有该用户与您的互动.</value></key><key name="user_block_message"><value>对不起，该用户选择不与您互动</value></key><key name="user_deleted_message"><value>帐户被删除 &lt;br /&gt;&#13;
			回到  &lt;a href="{$site_url}"&gt;网站&lt;/a&gt;</value></key><key name="user_feedback_marked_as_featured"><value>用户标记为特色</value></key><key name="user_feedback_profiles_unsuspended"><value>所选用户已被重新激活</value></key><key name="user_feedback_profile_blocked"><value>资料锁定</value></key><key name="user_feedback_profile_suspended"><value>资料暂停</value></key><key name="user_feedback_profile_unblocked"><value>资料解锁</value></key><key name="user_feedback_profile_unsuspended"><value>重新激活资料</value></key><key name="user_feedback_unmarked_as_featured"><value>从特色用户列表中删除</value></key><key name="user_list_activity"><value>活跃</value></key><key name="user_list_menu_item_birthdays"><value>生日</value></key><key name="user_list_menu_item_featured"><value>特色</value></key><key name="user_list_menu_item_latest"><value>最新</value></key><key name="user_list_menu_item_online"><value>在线</value></key><key name="user_list_online"><value>当前在线</value></key><key name="user_list_widget_empty"><value>靠!木有资料...</value></key><key name="user_list_widget_settings_count"><value>计数</value></key><key name="user_list_widget_settings_title"><value>用户</value></key><key name="user_no_users"><value>没有用户</value></key><key name="user_page_heading_status"><value>{$username} &lt;span class="ow_small"&gt;{$status}&lt;/span&gt;</value></key><key name="user_page_suspended"><value>&lt;center&gt;暂停用户&lt;/center&gt;</value></key><key name="user_search_authorization_warning"><value>您没有搜索会员许可</value></key><key name="user_search_back_to_search"><value>回到搜索表单</value></key><key name="user_search_back_to_search_from"><value>返回到搜索</value></key><key name="user_search_display_name_search_label"><value>按名称搜索</value></key><key name="user_search_main_search_label"><value>主要搜索</value></key><key name="user_search_menu_item_label"><value>搜索</value></key><key name="user_search_page_heading"><value>用户搜索</value></key><key name="user_search_submit_button_label"><value>搜索</value></key><key name="user_suspend_btn_lbl"><value>暂停</value></key><key name="user_unblock_btn_lbl"><value>解除封锁</value></key><key name="user_unsuspend_btn_lbl"><value>重新激活</value></key><key name="view_all"><value>查看所有</value></key><key name="view_index"><value>详细资料</value></key><key name="view_more_label"><value>查看更多</value></key><key name="view_no_section_label"><value>基本 资料</value></key><key name="view_profile_no_permission"><value>您没有权限查看概况</value></key><key name="wackwall"><value>建立社交网络</value></key><key name="wait_for_approval"><value>&lt;center&gt;您的帐户待批 准&lt;/center&gt;</value></key><key name="welcome_letter_subject"><value>{$site_name} 注册</value></key><key name="welcome_letter_template_html"><value>欢迎来到&lt;a href="{$site_url}"&gt;{$site_name}&lt;/a&gt;!
			感谢您加入{$site_name}. 以下是一些您可能需要的操作的便捷入口:
			&lt;br/&gt;&#13;
			- &lt;a href="{$site_url}"&gt;主页&lt;/a&gt;&lt;br/&gt;&#13;
			- &lt;a href="{$site_url}profile/avatar"&gt;更改头像
			&lt;/a&gt;&lt;br/&gt;&#13;
			- &lt;a href="{$site_url}profile/edit"&gt;修改个人资料
			&lt;/a&gt;&lt;br/&gt;&#13;
			- &lt;a href="{$site_url}my-profile"&gt;预览/重新整理资料
			&lt;/a&gt;&lt;br/&gt;&#13;
			- &lt;a href="{$site_url}users"&gt;看看谁在这里&lt;/a&gt;&lt;br/&gt;&#13;
			免费加入我们的社区!&lt;br/&gt;&#13;
			&lt;a href="{$site_url}"&gt;{$site_name}&lt;/a&gt;
			管理员&lt;br/&gt;</value></key><key name="welcome_letter_template_text"><value>欢迎来到 {$site_name}! 感谢您加入 {$site_name}. 
			以下是一些您可能需要的操作的便捷入口:&#13;
			- 主页: {$site_url}&#13;
			- 更改头像: {$site_url}profile/avatar&#13;
			- 修改个人资料: {$site_url}profile/edit&#13;
			- 预览/重新整理资料: {$site_url}my-profile&#13;
			- 看看谁在这里: {$site_url}users&#13;
			免费加入我们的社区!&#13;
			{$site_name} 管理员&#13;
			{$site_url}</value></key><key name="white_spaces_dissalowed"><value>不允许有空格</value></key><key name="widgets_action_delete"><value>删除</value></key><key name="widgets_action_edit"><value>编辑</value></key><key name="widgets_admin_customization_box_title"><value>用户定制</value></key><key name="widgets_admin_dashboard_heading"><value>个人中心</value></key><key name="widgets_admin_legend"><value>&lt;span class="ow_mild_red"&gt;红色项&lt;/span&gt; 是"结冰点".
			 结冰点的位置是固定的,不能被用户移动或者修改,他们始终占据着容器的最上方位置</value></key><key name="widgets_admin_profile_heading"><value>用户资料设置</value></key><key name="widgets_admin_section_information"><value>&lt;span class="ow_mild_green"&gt;拖放&lt;/span&gt;
		项目到以下位置添加功能或组件.</value></key><key name="widgets_allow_customize_label"><value>允许用户自定义此页</value></key><key name="widgets_allow_customize_legend"><value>可以让用户自定义此页面组件,不过他们不能改变页面布局.</value></key><key name="widgets_avaliable_description"><value>&lt;span class="ow_highlight"&gt;拖放&lt;/span&gt; 
		项目到页面添加功能或组件&#13;
			这些项目将由 &lt;a href="{$pluginsUrl}"&gt;插件&lt;/a&gt;激活. 
			如果您希望一个元素显示在所有叶上,请把它拖到侧边栏上.</value></key><key name="widgets_avaliable_legend"><value>项目的可视性:&#13;
			&lt;span class="ow_mild_green ow_small" style="border: 1px solid rgb(204,
			204, 204); padding: 1px 3px;"&gt;注册用户&lt;/span&gt;&#13;
			&lt;span class="ow_mild_red ow_small" style="border: 1px solid
			rgb(204, 204, 204); padding: 1px 3px;"&gt;仅游客&lt;/span&gt;&#13;
			&lt;span class="ow_box ow_small" style="border: 1px solid rgb(204, 204, 204);
			padding: 1px 3px;"&gt;所有人&lt;/span&gt;</value></key><key name="widgets_customize_btn"><value>自定义此页</value></key><key name="widgets_customize_label"><value>自定义此页</value></key><key name="widgets_default_settings_freeze"><value>冻结</value></key><key name="widgets_default_settings_icon"><value>图标</value></key><key name="widgets_default_settings_show_title"><value>显示标题</value></key><key name="widgets_default_settings_title"><value>标题</value></key><key name="widgets_default_settings_wib"><value>在框内</value></key><key name="widgets_delete_component_confirm"><value>你确定要删除这个组件吗?</value></key><key name="widgets_disable_js"><value>D禁用JavaScript</value></key><key name="widgets_enable_js"><value>启用JavaScript</value></key><key name="widgets_fb_default_settings_label"><value>通用部件设置</value></key><key name="widgets_fb_setting_box_title"><value>设置</value></key><key name="widgets_finish_customize_btn"><value>完成定制</value></key><key name="widgets_no_content"><value>没有内容</value></key><key name="widgets_panel_dashboard_label"><value>仪表板</value></key><key name="widgets_reset_customization"><value>重置</value></key><key name="widgets_reset_position_confirm"><value>你确定要重置您的个人资料的定制?</value></key><key name="widgets_section_box_title"><value>可用组件</value></key><key name="with_selected"><value>选择:</value></key><key name="ws_add_label"><value>添加</value></key><key name="ws_button_label_bold"><value>粗体</value></key><key name="ws_button_label_html"><value>插入HTML代码</value></key><key name="ws_button_label_image"><value>插入图片</value></key><key name="ws_button_label_italic"><value>斜体</value></key><key name="ws_button_label_link"><value>插入链接</value></key><key name="ws_button_label_more"><value>更多</value></key><key name="ws_button_label_orderedlist"><value>插入有序列表</value></key><key name="ws_button_label_switch_html"><value>显示/隐藏HTML视图</value></key><key name="ws_button_label_underline"><value>下​​划线</value></key><key name="ws_button_label_unorderedlist"><value>插入无序列表</value></key><key name="ws_button_label_video"><value>插入视频</value></key><key name="ws_html_head_label"><value>插入HTML</value></key><key name="ws_html_textarea_label"><value>您的HTML代码:</value></key><key name="ws_insert_label"><value>插入</value></key><key name="ws_link_empty_fields"><value>请填写'标签'和'URL'字段插入链接</value></key><key name="ws_link_new_window_label"><value>在新窗口打开</value></key><key name="ws_link_text_label"><value>要显示的文字:</value></key><key name="ws_link_url_label"><value>这条连接的网址是:</value></key><key name="ws_video_empty_field"><value>请输入视频代码</value></key><key name="ws_video_head_label"><value>插入视频</value></key><key name="ws_video_textarea_label"><value>这里插入视频代码:</value></key><key name="year"><value>年</value></key><key name="yes"><value>是</value></key><key name="your_rate_label"><value>您的评价:</value></key></prefix>
