<?xml version="1.0" encoding="utf-8"?>
<prefix name="blogs" label="Blogs" language_tag="cn" language_label="简体中文"><key name="activity_string"><value>&lt;a href="{$userUrl}"&gt;{$user}&lt;/a&gt; 发布了新博客文章: 
		&lt;a href="{$url}"&gt;{$title}&lt;/a&gt;</value></key><key name="added"><value>添加</value></key><key name="add_new"><value>写博客文章</value></key><key name="add_new_link"><value>博客文章</value></key><key name="admin_blogs_settings_heading"><value>博客插件设置</value></key><key name="admin_settings_results_per_page"><value>文章页</value></key><key name="authorization_failed_view_blog"><value>对不起，你被允许浏览该博客</value></key><key name="auth_action_label_add"><value>添加博客文章</value></key><key name="auth_action_label_add_comment"><value>评论博客</value></key><key name="auth_action_label_delete_comment_by_content_owner"><value>内容所有者可以删除评论</value></key><key name="auth_action_label_view"><value>查看博客文章</value></key><key name="auth_group_label"><value>博客</value></key><key name="blog"><value>博客</value></key><key name="blog_archive_lbl_archives"><value>档案</value></key><key name="blog_index"><value>博客首页</value></key><key name="blog_manage_delete"><value>删除</value></key><key name="blog_post_description"><value>{$post_body} 标签: {$tags}.</value></key><key name="blog_post_title"><value>{$post_title} - 发布于 {$display_name} {$site_name}</value></key><key name="blog_widget_preview_length_lbl"><value>预览长度</value></key><key name="browse_by_tag_description"><value>通过标签浏览博客文章: {$tags}及其他.</value></key><key name="browse_by_tag_item_description"><value>浏览博客文章标签为 `{$tag}`.</value></key><key name="browse_by_tag_item_title"><value>`{$tag}` 相关的博客文章  - {$site_name}</value></key><key name="browse_by_tag_title"><value>浏览博客文章标签  - {$site_name}</value></key><key name="by"><value>由</value></key><key name="change_status_draft"><value>更改状态</value></key><key name="cmp_widget_post_count"><value>博客文章显示数量</value></key><key name="comments"><value>评论:</value></key><key name="comment_activity_string"><value>在&lt;a href="{$actorUrl}"&gt;{$actor}&lt;/a&gt;评论
			&lt;a href="{$ownerUrl}"&gt;{$owner}&lt;/a&gt;'s blog: &lt;a
			href="{$url}"&gt;{$title}&lt;/a&gt;</value></key><key name="comment_notification_string"><value>&lt;a href="{$actorUrl}"&gt;{$actor}&lt;/a&gt; 在您的文章发表了评论
		: &lt;a href="{$url}"&gt;"{$title}"&lt;/a&gt;</value></key><key name="confirm_delete_photos"><value>你是否确定要删除所有用户的照片吗?</value></key><key name="create_draft_success_msg"><value>帖子保存为草稿</value></key><key name="create_success_msg"><value>成功发布后</value></key><key name="delete_content"><value>删除的内容和卸载插件</value></key><key name="delete_content_desc"><value>卸载博客插件之前，我们必须删除所有现有的用户内容。这可能需要一段时间。.</value></key><key name="delete_content_warning"><value>警告</value></key><key name="edit_draft_success_msg"><value>更改保存，上传保存为草稿</value></key><key name="edit_success_msg"><value>更改保存</value></key><key name="email_notifications_setting_comment"><value>有人对我的帖子评论</value></key><key name="feed_activity_owner_post_string"><value>评论他们的博客文章</value></key><key name="feed_activity_post_string"><value>评论 {$user}的博客文章</value></key><key name="feed_activity_post_string_like"><value>喜欢 {$user}的博客文章</value></key><key name="feed_content_label"><value>博客</value></key><key name="flags"><value>博客</value></key><key name="go_to_blog"><value>转到博客</value></key><key name="index_widget_empty"><value>没有博客</value></key><key name="last_saved"><value>最后保存</value></key><key name="latest_description"><value>最新更新的用户博客 {$site_name}。</value></key><key name="latest_post"><value>最新文章</value></key><key name="latest_title"><value>用户博客  - {$site_name}</value></key><key name="list_page_heading"><value>用户博客</value></key><key name="main_menu_item"><value>博客</value></key><key name="management_page_heading"><value>管理我的博客</value></key><key name="manage_page_comment_deleted_msg"><value>评论删除</value></key><key name="manage_page_last_updated"><value>最后更新</value></key><key name="manage_page_menu_comments"><value>收到的评论</value></key><key name="manage_page_menu_drafts"><value>草稿</value></key><key name="manage_page_menu_published"><value>发表文章</value></key><key name="manage_page_post_title"><value>发表标题</value></key><key name="manage_page_status"><value>状态</value></key><key name="menuItemBrowseByTag"><value>标签浏览</value></key><key name="menuItemLatest"><value>最新</value></key><key name="menuItemMostDiscussed"><value>最多评论</value></key><key name="menuItemTopRated"><value>评分最高</value></key><key name="more"><value>更多信息</value></key><key name="most_discussed_description"><value>最多用户评论的博客 {$site_name}.</value></key><key name="most_discussed_title"><value>最多评论的博客 - {$site_name}</value></key><key name="my_blog"><value>我的博客</value></key><key name="new_post"><value>新博客文章</value></key><key name="next_post"><value>下一篇</value></key><key name="notification_section_label"><value>博客</value></key><key name="not_yet"><value>还没有添加</value></key><key name="no_posts"><value>没有文章</value></key><key name="on"><value>在</value></key><key name="page_title_uninstall"><value>卸载博客插件</value></key><key name="plugin_set_for_uninstall"><value>'博客'插件卸载启动</value></key><key name="post_title"><value>发布</value></key><key name="prev_post"><value>上一篇</value></key><key name="privacy_action_comment_blog_posts"><value>评论我的博客</value></key><key name="privacy_action_view_blog_posts"><value>查看我的博客</value></key><key name="rate"><value>点击率:</value></key><key name="read_more"><value>更多</value></key><key name="results_by_tag"><value>标签搜索结果: "&lt;b&gt;{$tag}&lt;/b&gt;"</value></key><key name="sava_draft"><value>保存为草稿</value></key><key name="save_btn_label"><value>保存</value></key><key name="save_form_lbl_post"><value>博客内容:</value></key><key name="save_form_lbl_title"><value>博客标题:</value></key><key name="save_page_heading"><value>创建新的博客文章</value></key><key name="save_publish"><value>发布</value></key><key name="settings"><value>设置</value></key><key name="status"><value>状态</value></key><key name="status_draft"><value>草案</value></key><key name="status_published"><value>发布</value></key><key name="tags"><value>标签:</value></key><key name="tags_field_label"><value>标签 (用','隔开):</value></key><key name="this_post"><value>这篇文章</value></key><key name="toolbar_comments"><value>评论</value></key><key name="toolbar_delete"><value>删除</value></key><key name="toolbar_edit"><value>编辑</value></key><key name="top_rated_description"><value>最多用户好评的博客在 {$site_name}.</value></key><key name="top_rated_title"><value>最受好评的博客 - {$site_name}</value></key><key name="uninstall_inprogress"><value>处理中...</value></key><key name="uninstall_inprogress_desc"><value>请等待，而所有照片内容将被删除。这需要一段时间，取决于您的博客上的照片数量。</value></key><key name="update"><value>更新</value></key><key name="usercredits_action_add_blog"><value>添加博客文章</value></key><key name="usercredits_action_add_comment"><value>评论博客</value></key><key name="user_blog_archive_description"><value>{$display_name}博客文章发布于 {$month_name},
			{$year}.</value></key><key name="user_blog_archive_title"><value>{$month_name} 存档于 {$display_name} 的博客</value></key><key name="user_blog_description"><value>最新发布的博客文章 {$display_name}.</value></key><key name="user_blog_page_heading"><value>{$name}的博客</value></key><key name="user_blog_title"><value>{$display_name}的博客 - {$site_name}</value></key><key name="user_blog_widget_drafts"><value>草稿</value></key><key name="user_blog_widget_published_incoming_comments"><value>收到的评论</value></key><key name="user_blog_widget_published_posts"><value>发布博客文章</value></key><key name="view_all"><value>查看所有</value></key><key name="view_page_heading"><value>{$postTitle} &lt;span class="ow_small"&gt;from &lt;a
			href="{$url}"&gt;{$name}的博客&lt;/a&gt;&lt;/span&gt;</value></key></prefix>
