<?xml version="1.0" encoding="utf-8"?>
<prefix name="contactimporter" label="Contact Importer" language_tag="cn" language_label="简体中文"><key name="admin_settings_updated"/><key name="facebook_after_invite_feedback"/><key name="facebook_app_id"/><key name="facebook_app_secret"/><key name="facebook_app_settings"/><key name="facebook_canvas_page_1"/><key name="facebook_canvas_page_2"/><key name="facebook_canvas_page_x"/><key name="facebook_how_to_config"/><key name="facebook_inv_action"/><key name="facebook_inv_message_text"/><key name="feedback_invitation_sent"/><key name="google_client_id"/><key name="google_client_secret"/><key name="google_message_custom_inv"/><key name="google_send_success"/><key name="google_settings_heading"/><key name="mail_google_invite_html"/><key name="mail_google_invite_msg_html"/><key name="mail_google_invite_msg_txt"/><key name="mail_google_invite_subject"/><key name="mail_google_invite_txt"/><key name="requires_configuration_message"/><key name="save_btn_label"/><key name="usercredits_action_import_friend"/><key name="widget_title"/></prefix>
