<?xml version="1.0" encoding="utf-8"?>
<prefix name="event" label="Event" language_tag="cn" language_label="简体中文"><key name="accept_request"><value>接受</value></key><key name="add_form_date_desc"><value>&amp;nbsp;</value></key><key name="add_form_date_label"><value>日期和时间</value></key><key name="add_form_desc_desc"><value>&amp;nbsp;</value></key><key name="add_form_desc_label"><value>简介</value></key><key name="add_form_empty_image_error_message"><value>空图像域</value></key><key name="add_form_end_date_desc"><value>&amp;nbsp;</value></key><key name="add_form_end_date_label"><value>事件结束</value></key><key name="add_form_image_desc"><value>&amp;nbsp;</value></key><key name="add_form_image_label"><value>图像</value></key><key name="add_form_invalid_end_date_error_message"><value>无效的结束日期</value></key><key name="add_form_location_desc"><value>&amp;nbsp;</value></key><key name="add_form_location_label"><value>地点</value></key><key name="add_form_submit_label"><value>添加</value></key><key name="add_form_success_message"><value>事件添加</value></key><key name="add_form_title_desc"><value>&amp;nbsp</value></key><key name="add_form_title_label"><value>标题</value></key><key name="add_form_who_can_invite_desc"><value>&amp;nbsp;</value></key><key name="add_form_who_can_invite_label"><value>谁可以邀请</value></key><key name="add_form_who_can_invite_option_creator"><value>事件的发起者</value></key><key name="add_form_who_can_invite_option_participants"><value>参与者</value></key><key name="add_form_who_can_view_desc"><value>&amp;nbsp;</value></key><key name="add_form_who_can_view_label"><value>谁可以查看</value></key><key name="add_form_who_can_view_option_anybody"><value>任何人</value></key><key name="add_form_who_can_view_option_invit_only"><value>仅通过邀请</value></key><key name="add_new_button_label"><value>添加新的事件</value></key><key name="add_new_link_label"><value>事件</value></key><key name="add_page_heading"><value>创建新的事件</value></key><key name="add_page_title"><value>创建新的事件  - {$site_name}</value></key><key name="all_day"><value>整天</value></key><key name="attend_maybe_btn_label"><value>也许</value></key><key name="attend_no_btn_label"><value>不是</value></key><key name="attend_yes_btn_label"><value>我参与的</value></key><key name="auth_action_label_add_comment"><value>评论事件</value></key><key name="auth_action_label_add_event"><value>添加事件</value></key><key name="auth_action_label_view_event"><value>查看事件</value></key><key name="auth_group_label"><value>事件</value></key><key name="avatar_user_list_bottom_link_label"><value>查看所有 ({$count} users)</value></key><key name="avatar_user_list_link_label_1"><value>是</value></key><key name="avatar_user_list_link_label_2"><value>也许</value></key><key name="avatar_user_list_link_label_3"><value>不是</value></key><key name="cmp_widget_events_count"><value>事件数</value></key><key name="common_list_type_invited_label"><value>邀请</value></key><key name="common_list_type_joined_label"><value>我的事件</value></key><key name="common_list_type_latest_label"><value>预告</value></key><key name="common_list_type_past_label"><value>过去</value></key><key name="console_notification_label"><value>活动邀请</value></key><key name="creator"><value>创建者</value></key><key name="current_status_change_label"><value>修改</value></key><key name="dashboard_widget_menu_my_events_label"><value>创建</value></key><key name="dashboard_widget_menu_part_events_label"><value>参与</value></key><key name="delete_button_label"><value>删除</value></key><key name="delete_confirm_message"><value>您确定要删除的事件吗?</value></key><key name="delete_success_message"><value>删除事件</value></key><key name="edit_button_label"><value>编辑</value></key><key name="edit_form_end_date_error_message"><value>请选择事件结束日期/时间</value></key><key name="edit_form_submit_label"><value>编辑</value></key><key name="edit_form_success_message"><value>事件编辑</value></key><key name="edit_page_heading"><value>编辑事件</value></key><key name="edit_page_title"><value>编辑事件  - {$site_name}</value></key><key name="email_notification_comment"><value>&lt;a href="{$userUrl}"&gt;{$userName}&lt;/a&gt; 在 &lt;a href="{$url}"
		&gt;{$title}&lt;/a&gt;上添加一个评论</value></key><key name="email_notification_comment_setting"><value>有人邀请您评论事件</value></key><key name="email_notification_invite"><value>&lt;a href="{$inviterUrl}"&gt;{$inviterName}&lt;/a&gt; 邀请您的事件
		 "&lt;a href="{$eventUrl}"&gt;{$eventName}&lt;/a&gt;"</value></key><key name="event_created_by_me_page_heading"><value>我创建的活动</value></key><key name="event_created_by_me_page_title"><value>我创建活动  - {$site_name}</value></key><key name="event_joined_by_me_page_heading"><value>我参加的活动</value></key><key name="event_joined_by_me_page_title"><value>我参加的活动  - {$site_name}</value></key><key name="event_view_page_heading"><value>{$event_title} - {$site_name}的事件</value></key><key name="event_view_permission_error_message"><value>很抱歉,您没有权限查看此页.</value></key><key name="feed_actiovity_attend_string"><value>参与 {$user}的事件</value></key><key name="feed_activity_comment_string"><value>评论此事件</value></key><key name="feed_activity_event_string_like"><value>喜欢这个事件</value></key><key name="feed_activity_joined"><value>{$user} 刚刚参与了</value></key><key name="feed_activity_users"><value>Total users: &lt;span
			class="ow_txt_value"&gt;{$usersCount}&lt;/span&gt;</value></key><key name="feed_add_item_label"><value>创建新的事件</value></key><key name="feed_content_label"><value>事件</value></key><key name="feed_user_join_string"><value>参与活动</value></key><key name="friends_invite_button_label"><value>邀请我的好友</value></key><key name="ignore_request"><value>忽略</value></key><key name="invited_events_page_heading"><value>活动邀请</value></key><key name="invited_events_page_title"><value>活动邀请  - {$site_name}</value></key><key name="invite_btn_label"><value>邀请</value></key><key name="latest_events_page_desc"><value>{$site_name} 的成员即将发生的事件的列表.</value></key><key name="latest_events_page_heading"><value>事件</value></key><key name="latest_events_page_title"><value>事件 - {$site_name}</value></key><key name="main_menu_item"><value>事件</value></key><key name="my_events_widget_block_cap_label"><value>我的事件</value></key><key name="notifications_new_message"><value>有人邀请我到事件</value></key><key name="notifications_section_label"><value>事件</value></key><key name="no_events_label"><value>没有事件</value></key><key name="no_index_events_label"><value>没有事件, &lt;a href="{$url}"&gt;添加事件&lt;/a&gt;</value></key><key name="past_events_page_desc"><value>{$site_name} 的成员的过去事件列表.</value></key><key name="past_events_page_heading"><value>过去的事件</value></key><key name="past_events_page_title"><value>过去的事件 - {$site_name}</value></key><key name="privacy_action_view_attend_events"><value>查看我的活动</value></key><key name="private_event_text"><value>很抱歉,此事件是作者私人事件,不对外开放</value></key><key name="private_page_heading"><value>私人事件</value></key><key name="private_page_title"><value>私人事件</value></key><key name="profile_events_widget_block_cap_label"><value>我的事件</value></key><key name="time_field_invitation_label"><value>时间</value></key><key name="up_events_widget_block_cap_label"><value>即将发生的事件</value></key><key name="usercredits_action_add_comment"><value>评论事件</value></key><key name="usercredits_action_add_event"><value>添加事件</value></key><key name="users_invite_success_message"><value>{$count} 用户邀请</value></key><key name="user_list_page_desc_1"><value>参与"{$eventTitle}" 事件的用户的列表.</value></key><key name="user_list_page_desc_2"><value>可能参与 "{$eventTitle}" 事件的用户的列表.</value></key><key name="user_list_page_desc_3"><value>不参与 "{$eventTitle}" 事件的用户的列表.</value></key><key name="user_list_page_heading_1"><value>"{$eventTitle}" 事件参与者 - {$site_name}</value></key><key name="user_list_page_heading_2"><value>"{$eventTitle}" 事件 - 可能参与的人 - {$site_name}</value></key><key name="user_list_page_heading_3"><value>"{$eventTitle}" 事件 - 不参与的人 - {$site_name}</value></key><key name="user_participated_events_page_desc"><value>事件 {$display_name} 参与者.</value></key><key name="user_participated_events_page_heading"><value>{$display_name}的事件</value></key><key name="user_participated_events_page_title"><value>{$display_name}事件 - {$site_name}</value></key><key name="user_status_author_cant_leave_error"><value>很抱歉,您不能离开您的事件</value></key><key name="user_status_label_1"><value>我来参加</value></key><key name="user_status_label_2"><value>也许我来参加</value></key><key name="user_status_label_3"><value>我不来参加</value></key><key name="user_status_not_changed_error"><value>请更改您的状态</value></key><key name="user_status_updated"><value>您的状态已更新</value></key><key name="view_all_label"><value>查看所有</value></key><key name="view_page_created_label"><value>创建者</value></key><key name="view_page_date_label"><value>日期和时间</value></key><key name="view_page_desc_label"><value>描述</value></key><key name="view_page_details_block_cap_label"><value>详细信息</value></key><key name="view_page_end_date_label"><value>事件结束</value></key><key name="view_page_image_block_cap_label"><value>描述</value></key><key name="view_page_location_label"><value>位置</value></key><key name="view_page_users_block_cap_label"><value>谁将出席</value></key></prefix>
