<?xml version="1.0" encoding="utf-8"?>
<prefix name="forum" label="Forum" language_tag="cn" language_label="简体中文"><key name="add_new"/><key name="add_new_comment"/><key name="add_new_forum_btn"/><key name="add_new_forum_description"/><key name="add_new_forum_name"/><key name="add_new_forum_section"/><key name="add_new_forum_submit"/><key name="add_new_forum_title"/><key name="add_post_btn"/><key name="add_post_title"/><key name="admin_config"/><key name="attachments"/><key name="attachment_deleted"/><key name="attachment_filesize"/><key name="attach_files"/><key name="author"/><key name="auth_action_label_edit"/><key name="auth_action_label_move_topic_to_hidden"/><key name="auth_action_label_subscribe"/><key name="auth_action_label_view"/><key name="auth_group_label"/><key name="back_to_topic"/><key name="by"/><key name="chars_limit_exceeded"/><key name="cmp_widget_forum_topics_count"/><key name="cmp_widget_forum_topics_post_lenght"/><key name="confirm_delete_attachment"/><key name="confirm_delete_forum"/><key name="connect_forum_button"/><key name="connect_forum_to_entity"/><key name="create_new_topic"/><key name="delete"/><key name="delete_content"/><key name="delete_content_desc"/><key name="delete_content_warning"/><key name="delete_group"/><key name="delete_group_confirm"/><key name="delete_post_confirm"/><key name="delete_section"/><key name="delete_section_confirm"/><key name="delete_topic"/><key name="delete_topic_confirm"/><key name="discussion"/><key name="edit"/><key name="edit_group"/><key name="edit_group_btn"/><key name="edit_group_description"/><key name="edit_group_name"/><key name="edit_group_title"/><key name="edit_post_title"/><key name="edit_section"/><key name="edit_section_btn"/><key name="edit_section_name"/><key name="edit_section_title"/><key name="edit_topic"/><key name="edit_topic_title"/><key name="email_notifications_section_label"/><key name="email_notifications_setting_post"/><key name="email_notification_post"/><key name="enable_attachments"/><key name="feed_activity_last_reply"/><key name="feed_activity_topic_reply_string"/><key name="feed_activity_topic_string"/><key name="feed_activity_topic_string_like"/><key name="feed_content_label"/><key name="feed_content_replies_label"/><key name="feed_toolbar_discuss"/><key name="feed_toolbar_replies"/><key name="file_size_validation_error"/><key name="flag"/><key name="flags"/><key name="forum"/><key name="forum_already_connected"/><key name="forum_index"/><key name="forum_page_heading"/><key name="forum_quote"/><key name="forum_quote_from"/><key name="forum_settings"/><key name="forum_topics_widget"/><key name="general_settings"/><key name="goto_forum"/><key name="group_meta_description"/><key name="in"/><key name="is_private"/><key name="last_reply"/><key name="locked"/><key name="lock_topic"/><key name="lock_topic_confirm"/><key name="moved_from"/><key name="moved_to"/><key name="move_topic"/><key name="move_topic_btn"/><key name="move_topic_title"/><key name="new"/><key name="new_topic_body"/><key name="new_topic_btn"/><key name="new_topic_group"/><key name="new_topic_subject"/><key name="not_all_attachments_added"/><key name="no_group"/><key name="no_posts_found"/><key name="no_topic"/><key name="no_topics"/><key name="page_title_uninstall"/><key name="permalink_label"/><key name="plugin_set_for_uninstall"/><key name="post_edited"/><key name="post_location"/><key name="quote"/><key name="replies"/><key name="search_invitation_all_forum"/><key name="search_invitation_group"/><key name="search_invitation_topic"/><key name="search_page_heading"/><key name="select_group_error"/><key name="settings_updated"/><key name="sort_by_date"/><key name="sort_by_relevance"/><key name="sticky"/><key name="sticky_topic"/><key name="sticky_topic_confirm"/><key name="subscribe"/><key name="subscription-added"/><key name="subscription-canceled"/><key name="this_topic"/><key name="topic"/><key name="topics"/><key name="topic_attachments"/><key name="topic_is_locked"/><key name="topic_is_sticky"/><key name="topic_location"/><key name="topic_page_heading"/><key name="uninstall_inprogress"/><key name="uninstall_inprogress_desc"/><key name="unlock_topic"/><key name="unlock_topic_confirm"/><key name="unsticky_topic"/><key name="unsticky_topic_confirm"/><key name="upload_ini_value"/><key name="usercredits_action_add_post"/><key name="views"/><key name="visible_to"/><key name="widget_latest_topics_label"/></prefix>
