<?xml version="1.0" encoding="utf-8"?>
<prefix name="friends" label="Friends" language_tag="cn" language_label="简体中文"><key name="accept_request"/><key name="activity_content"/><key name="activity_title"/><key name="add_to_friends"/><key name="auth_action_label_add_friend"/><key name="auth_group_label"/><key name="cancel_request"/><key name="comment_activity_string"/><key name="confirmed_mail_html"/><key name="confirmed_mail_subject"/><key name="confirmed_mail_txt"/><key name="email_notifications_setting_accept"/><key name="email_notifications_setting_request"/><key name="feedback_cancelled"/><key name="feedback_request_accepted"/><key name="feedback_request_already_sent_error_message"/><key name="feedback_request_ignored"/><key name="feedback_request_was_sent"/><key name="feed_content_label"/><key name="friendship_management_area"/><key name="friends_tab"/><key name="friend_requests"/><key name="got_requests_tab"/><key name="ignore_request"/><key name="like_activity_string"/><key name="my_friends_page_heading"/><key name="my_friends_page_title"/><key name="new_friend_added"/><key name="notification_section_label"/><key name="notify_accept"/><key name="notify_request"/><key name="notify_request_content"/><key name="notify_request_content_string"/><key name="notify_request_string"/><key name="privacy_action_view_friends"/><key name="privacy_friends_only"/><key name="remove_from_friends"/><key name="remove_from_friendship_button"/><key name="request_friendship_button"/><key name="request_mail_subject"/><key name="sent_requests_tab"/><key name="usercredits_action_add_friend"/><key name="user_friends_page_heading"/><key name="user_friends_page_title"/><key name="user_widget_empty"/><key name="user_widget_settings_count"/><key name="user_widget_title"/><key name="widget_friends"/><key name="widget_got_requests"/><key name="widget_sent_requests"/><key name="widget_title"/></prefix>
