<?xml version="1.0" encoding="utf-8"?>
<prefix name="groups" label="Groups" language_tag="cn" language_label="简体中文"><key name="activity_add_string"><value>&lt;a href="{$userUrl}"&gt;{$user}&lt;/a&gt; 创建新小组:
			&lt;a href="{$groupUrl}"&gt;{$groupTitle}&lt;/a&gt;</value></key><key name="activity_join_string"><value>&lt;a href="{$userUrl}"&gt;{$user}&lt;/a&gt; 刚刚加入 &lt;a
			href="{$groupUrl}"&gt;{$groupTitle}&lt;/a&gt; 小组</value></key><key name="additional_features"><value>附加功能</value></key><key name="add_new"><value>创建小组</value></key><key name="add_new_label"><value>小组</value></key><key name="admin_sidebar_menu_label"><value>小组</value></key><key name="auth_action_label_add_comment"><value>写在评论墙上</value></key><key name="auth_action_label_add_topic"><value>创建/编辑主题</value></key><key name="auth_action_label_create"><value>创建组</value></key><key name="auth_action_label_delete_comment_by_content_owner"><value>作者可以删除评论</value></key><key name="auth_action_label_view"><value>查看小组</value></key><key name="auth_group_label"><value>小组</value></key><key name="comment_activity_string"><value>对本小组发表评论</value></key><key name="confirm_delete_groups"><value>您是否确定删除所有小组?</value></key><key name="console_notification_label"><value>小组的邀请</value></key><key name="create_field_description_label"><value>简介</value></key><key name="create_field_image_label"><value>图像</value></key><key name="create_field_title_label"><value>标题</value></key><key name="create_heading"><value>创建小组</value></key><key name="create_new_topic"><value>创建新的论坛话题 - {$group}</value></key><key name="create_no_permission"><value>您不能创建一个小组</value></key><key name="create_page_title"><value>创建新的小组  - {$site_name}</value></key><key name="create_submit_btn_label"><value>创建</value></key><key name="create_success_msg"><value>创建小组成功</value></key><key name="creator"><value>创建者</value></key><key name="delete_complete_msg"><value>删除小组</value></key><key name="delete_confirm_msg"><value>您确定要删除这个小组吗? 小组下的内容同时会被删除.</value></key><key name="delete_content"><value>删除内容并卸载组件</value></key><key name="delete_content_desc"><value>在卸载小组插件之前,系统会删掉所有的小组,这个过程可能需要一些时间,
			卸载的过程中,系统会把网站切换到维护模式.卸载完成后网站会重新激活.</value></key><key name="delete_content_warning"><value>警告</value></key><key name="delete_group_label"><value>删除</value></key><key name="edit_back_label"><value>返回小组</value></key><key name="edit_btn_label"><value>编辑</value></key><key name="edit_submit_btn_label"><value>保存</value></key><key name="edit_success_msg"><value>更改保存</value></key><key name="email_notification_comment"><value>&lt;a href="{$userUrl}"&gt;{$userName}&lt;/a&gt; 
			在 &lt;a href="{$url}"&gt;{$title}&lt;/a&gt; 小组发表了评论</value></key><key name="email_notification_comment_setting"><value>我参与的小组中有人发表了评论</value></key><key name="email_notification_invite"><value>&lt;a href="{$inviterUrl}"&gt;{$inviterName}&lt;/a&gt; 邀请您加入小组 "
			&lt;a href="{$groupUrl}"&gt;{$groupName}&lt;/a&gt;"</value></key><key name="email_notification_section_label"><value>小组</value></key><key name="errors_image_invalid"><value>无效的图片格式,仅支持jpg/jpeg/png/gif格式的图片</value></key><key name="errors_image_upload"><value>文件上传失败</value></key><key name="error_forum_disconnected"><value>提醒: 小组需要依赖论坛插件,请转到 &lt;a
			href="{$url}"&gt;插件列表&lt;/a&gt; 激活论坛</value></key><key name="feed_activity_joined"><value>{$user} 刚刚加入</value></key><key name="feed_activity_users"><value>共有: &lt;span
			class="ow_txt_value"&gt;{$usersCount}个小组成员&lt;/span&gt;</value></key><key name="feed_content_label"><value>小组</value></key><key name="feed_create_string"><value>创建小组</value></key><key name="feed_follow_complete_msg"><value>您关注了 {$groupTitle}小组</value></key><key name="feed_group_follow"><value>关注</value></key><key name="feed_group_unfollow"><value>取消关注</value></key><key name="feed_join_string"><value>刚刚加入该小组</value></key><key name="feed_unfollow_complete_msg"><value>您已不再关注 {$groupTitle}小组</value></key><key name="flags"><value>小组</value></key><key name="form_who_can_invite_creator"><value>仅创建者</value></key><key name="form_who_can_invite_label"><value>谁可以邀请组员</value></key><key name="form_who_can_invite_participants"><value>参与者</value></key><key name="form_who_can_view_anybody"><value>任何人</value></key><key name="form_who_can_view_invite"><value>仅邀请者</value></key><key name="form_who_can_view_label"><value>谁可以看到这个小组</value></key><key name="forum_connected"><value>论坛已经连接到小组插件</value></key><key name="general_settings"><value>常规设置</value></key><key name="groups_widget_empty"><value>没有小组</value></key><key name="group_already_exists"><value>同名的小组已经存在</value></key><key name="group_list_heading"><value>小组</value></key><key name="group_list_menu_item_invite"><value>邀请</value></key><key name="group_list_menu_item_latest"><value>最新</value></key><key name="group_list_menu_item_my"><value>我的小组</value></key><key name="group_list_menu_item_popular"><value>最热门</value></key><key name="invite_accept_label"><value>接受</value></key><key name="invite_btn_label"><value>邀请</value></key><key name="invite_declined_message"><value>邀请已被拒绝</value></key><key name="invite_decline_label"><value>忽略</value></key><key name="invite_fb_title"><value>邀请我的朋友</value></key><key name="invite_list_heading"><value>小组邀请</value></key><key name="invite_list_page_title"><value>小组邀请 - {$site_name}</value></key><key name="join_complete_message"><value>您成功加入了该小组</value></key><key name="latest_list_page_description"><value>创建最多小组的用户为 {$site_name}.</value></key><key name="latest_list_page_title"><value>最近创建小组的用户 {$site_name}</value></key><key name="leave_complete_message"><value>您退出了该小组</value></key><key name="listing_no_items_msg"><value>没有可用的小组</value></key><key name="listing_users_label"><value>&lt;span class="ow_txt_value"&gt;{$count}&lt;/span&gt; 个成员</value></key><key name="main_menu_list"><value>联盟</value></key><key name="my_groups"><value>我的小组</value></key><key name="my_list_page_title"><value>我的小组 {$site_name}</value></key><key name="notifications_new_message"><value>有人邀请我加入小组</value></key><key name="page_title_uninstall"><value>卸载小组插件</value></key><key name="plugin_set_for_uninstall"><value>初始化卸载论坛插件.</value></key><key name="popular_list_page_description"><value>最受欢迎的小组创建者 {$site_name}.</value></key><key name="popular_list_page_title"><value>最受欢迎的小组 {$site_name}</value></key><key name="privacy_action_view_my_groups"><value>查看我的小组</value></key><key name="private_group_text"><value>很抱歉,这个小组不对外开放</value></key><key name="private_page_heading"><value>私密小组</value></key><key name="private_page_title"><value>私密小组</value></key><key name="topic_page_heading"><value>{$topic} - {$group}</value></key><key name="uninstall_inprogress"><value>处理中</value></key><key name="uninstall_inprogress_desc"><value>请稍候,正在清理论坛内容,可能需要一些时间,这取决于您小组成员的数目</value></key><key name="usercredits_action_add_comment"><value>评论小组</value></key><key name="usercredits_action_add_group"><value>创建小组</value></key><key name="usercredits_action_add_post"><value>发布到小组论坛</value></key><key name="users_invite_success_message"><value>邀请了{$count} 个用户</value></key><key name="user_groups_page_description"><value>{$site_name}上的用户小组.</value></key><key name="user_groups_page_title"><value>{$site_name} 上的小组</value></key><key name="user_groups_widget_empty"><value>没有小组</value></key><key name="user_group_list_heading"><value>{$userName}的小组</value></key><key name="user_join_activity_string"><value>加入小组</value></key><key name="user_list_widget_empty"><value>噢...没有资料</value></key><key name="view_all_topics"><value>« 返回小组话题列表</value></key><key name="view_no_permission"><value>您没有权限查看该小组</value></key><key name="view_page_description"><value>{$description}</value></key><key name="view_page_title"><value>{$group_name} - {$site_name}的小组</value></key><key name="wall_widget_label"><value>墙</value></key><key name="widgets_panel_heading"><value>小组配置</value></key><key name="widget_brief_info_admin"><value>管理员: &lt;a href="{$url}"&gt;{$name}&lt;/a&gt;</value></key><key name="widget_brief_info_create_date"><value>创建于: {$date}</value></key><key name="widget_brief_info_label"><value>小组信息</value></key><key name="widget_groups_count_setting"><value>计数</value></key><key name="widget_groups_show_titles_setting"><value>显示小组名称</value></key><key name="widget_groups_title"><value>小组</value></key><key name="widget_invite_button_title"><value>邀请</value></key><key name="widget_join_button"><value>加入</value></key><key name="widget_join_button_title"><value>加入小组</value></key><key name="widget_leave_button"><value>退出小组</value></key><key name="widget_leave_button_title"><value>退出</value></key><key name="widget_users_settings_count"><value>计数</value></key><key name="widget_users_title"><value>用户</value></key><key name="widget_users_view_all"><value>查看所有</value></key><key name="widget_user_groups_settings_count"><value>显示组数</value></key><key name="widget_user_groups_title"><value>小组</value></key><key name="widget_user_groups_view_all"><value>查看所有</value></key></prefix>
