<?xml version="1.0" encoding="utf-8"?>
<prefix name="links" label="Links" language_tag="cn" language_label="简体中文"><key name="activity_string"><value>&lt;a href="{$userUrl}"&gt;{$user}&lt;/a&gt; 发布连接:
			&lt;a href="{$url}"&gt;{$title}&lt;/a&gt; &lt;a class="ow_small"
			href="{$permalink}"&gt;#&lt;/a&gt;</value></key><key name="added"><value>添加</value></key><key name="add_new"><value>添加新连接</value></key><key name="add_new_link"><value>连接</value></key><key name="admin_links_settings_heading"><value>连接模块设置</value></key><key name="admin_settings_results_per_page"><value>Number of posts on page</value></key><key name="auth_action_label_add"><value>添加链接</value></key><key name="auth_action_label_add_comment"><value>评论链接</value></key><key name="auth_action_label_delete_comment_by_content_owner"><value>作者可以删除评论</value></key><key name="auth_action_label_view"><value>查看链接</value></key><key name="auth_group_label"><value>链接</value></key><key name="browse_by_tag_description"><value>按标签浏览链接: {$tags} 和其他.</value></key><key name="browse_by_tag_item_description"><value>按标签浏览链接： `{$tag}`.</value></key><key name="browse_by_tag_item_title"><value>`{$tag}` 链接 - {$site_name}</value></key><key name="browse_by_tag_title"><value>按标签浏览链接 - {$site_name}</value></key><key name="by"><value>由</value></key><key name="by_lower"><value>由</value></key><key name="cancel_vote"><value>取消</value></key><key name="cmp_widget_post_count"><value>链接数</value></key><key name="comments"><value>评论</value></key><key name="comment_activity_string"><value>&lt;a href="{$actorUrl}"&gt;{$actor}&lt;/a&gt; 在
			&lt;a href="{$ownerUrl}"&gt;{$owner}&lt;/a&gt;'s link: &lt;a
			href="{$url}"&gt;{$title}&lt;/a&gt;上发表了评论</value></key><key name="comment_notification_string"><value>&lt;a href="{$actorUrl}"&gt;{$actor}&lt;/a&gt; 在
			your link: &lt;a href="{$url}"&gt;"{$title}"&lt;/a&gt;上发表了评论</value></key><key name="edit_page_heading"><value>编辑链接</value></key><key name="email_notifications_setting_comment"><value>有人评论了我的链接</value></key><key name="feed_activity_link_string"><value>评论了{$user}的链接</value></key><key name="feed_activity_link_string_like"><value>喜欢 {$user} 的连接</value></key><key name="feed_activity_owner_post_string"><value>评论他们的链接</value></key><key name="feed_content_label"><value>链接</value></key><key name="feed_toolbar_permalink"><value>永久链接</value></key><key name="flags"><value>链接</value></key><key name="go_to_links"><value>转到链接</value></key><key name="index_widget_empty"><value>没有链接.</value></key><key name="latest_description"><value>最近提交到 {$site_name}的网页地址.</value></key><key name="latest_title"><value>最新链接 - {$site_name}</value></key><key name="link"><value>链接</value></key><key name="links"><value>链接</value></key><key name="links_on_notify_actions"><value>有人评论我的链接</value></key><key name="link_cap"><value>链接</value></key><key name="link_description"><value>{$link_title}: {$link_description}.</value></key><key name="link_title"><value>{$link_title}: {$link_url} - {$site_name}上的链接</value></key><key name="list_page_heading"><value>分享链接</value></key><key name="main_menu_item"><value>链接</value></key><key name="menuItemBrowseByTag"><value>按标签浏览</value></key><key name="menuItemLatest"><value>最新</value></key><key name="menuItemMostDiscussed"><value>评论最多</value></key><key name="menuItemTopRated"><value>评分最高</value></key><key name="more"><value>更多</value></key><key name="most_discussed_description"><value>评论最多的链接由 {$site_name} 发布.</value></key><key name="most_discussed_title"><value>评论最多的链接 - {$site_name}</value></key><key name="my_links"><value>我的链接</value></key><key name="notification_section_label"><value>链接</value></key><key name="privacy_action_comment_links"><value>评论我的链接</value></key><key name="privacy_action_view_links"><value>查看我的链接</value></key><key name="results_by_tag"><value>标签搜索结果为: "&lt;b&gt;{$tag}&lt;/b&gt;"</value></key><key name="result_as"><value>结果</value></key><key name="result_mode_detailed"><value>Both positive and negative</value></key><key name="result_mode_sum"><value>总数</value></key><key name="save_btn_label"><value>保存</value></key><key name="save_form_desc_field_label"><value>描述:</value></key><key name="save_form_publish_field_label"><value>发布</value></key><key name="save_form_tags_field_label"><value>标签 (多个以逗号隔开):</value></key><key name="save_form_title_field_label"><value>标题:</value></key><key name="save_form_url_field_label"><value>链接地址:</value></key><key name="save_page_heading"><value>添加链接</value></key><key name="settings"><value>设置</value></key><key name="sign_in_request"><value>您需要登录才能投票</value></key><key name="tags"><value>标签:</value></key><key name="toolbar_comments"><value>评论</value></key><key name="toolbar_delete"><value>删除</value></key><key name="toolbar_edit"><value>编辑</value></key><key name="top_rated_description"><value>评分最高的链接由 {$site_name}提交.</value></key><key name="top_rated_title"><value>最受好评的链接 - {$site_name}</value></key><key name="updated"><value>更新</value></key><key name="usercredits_action_add_comment"><value>评论链接</value></key><key name="usercredits_action_add_link"><value>添加链接</value></key><key name="user_links_description"><value>{$display_name}的链接</value></key><key name="user_links_title"><value>{$display_name}的链接</value></key><key name="user_link_page_heading"><value>{$display_name}的链接</value></key><key name="view_all"><value>查看全部</value></key><key name="vote"><value>投票</value></key></prefix>
