<?xml version="1.0" encoding="utf-8"?>
<prefix name="mailbox" label="Mailbox" language_tag="cn" language_label="简体中文"><key name="add_button"><value>发送</value></key><key name="add_message"><value>已添加新信息</value></key><key name="admin_config"><value>邮箱 - 插件设置</value></key><key name="and"><value>和</value></key><key name="attache_file_delete_button"><value>删除</value></key><key name="attachments"><value>附件</value></key><key name="attach_files"><value>附件</value></key><key name="auth_action_label_read_message"><value>阅读收到的消息</value></key><key name="auth_action_label_send_message"><value>发送私信</value></key><key name="auth_group_label"><value>邮箱</value></key><key name="between"><value>之间</value></key><key name="check_now_button"><value>现在检查</value></key><key name="compose_message"><value>撰写邮件</value></key><key name="conversation_box_info"><value>显示{$total}条消息中的 {$showing} 条, {$new} 条新消息</value></key><key name="conversation_label"><value>会话</value></key><key name="conversation_meta_tilte"><value>{$conversation_title} - {$site_name}</value></key><key name="create_conversation_button"><value>发送私信</value></key><key name="create_conversation_fail_message"><value>消息发送失败</value></key><key name="create_conversation_message"><value>信息发送成功</value></key><key name="delete_button"><value>删除</value></key><key name="delete_confirm_message"><value>您确定要删除选定的对话吗?</value></key><key name="delete_conversation_button"><value>删除会话</value></key><key name="delete_conversation_link"><value>删除</value></key><key name="delete_conversation_message"><value>会话已被删除</value></key><key name="delete_message"><value>{$count} 个会话已被删除</value></key><key name="email_notifications_comment"><value>来自&lt;a href="{$userUrl}"&gt;{$userName}&lt;/a&gt;的 &lt;a href="{$conversationUrl}" &gt;信息&lt;/a&gt;</value></key><key name="email_notifications_new_message"><value>有人给我一个新的消息</value></key><key name="email_notifications_section_label"><value>邮箱</value></key><key name="enable_attachments"><value>启用文件附件</value></key><key name="file_attachment_disabled"><value>禁用文件附件</value></key><key name="general_settings"><value>常规设置</value></key><key name="inbox_label"><value>收件箱</value></key><key name="inbox_meta_tilte"><value>我的收件箱 - {$site_name}</value></key><key name="keep_unread_button"><value>设为未读</value></key><key name="mailbox"><value>收件箱</value></key><key name="mark_as_read_button"><value>标记为已读</value></key><key name="mark_as_unread_button"><value>标记为未读</value></key><key name="mark_conversation_read_message"><value>会话已标记为已读</value></key><key name="mark_conversation_unread_message"><value>会话已标记为未读</value></key><key name="mark_read_fail_message"><value>无法标记为已读对话</value></key><key name="mark_read_message"><value>{$count} 个会话标记为已读</value></key><key name="mark_unread_fail_message"><value>无法标记对话为未读</value></key><key name="mark_unread_message"><value>{$count} 个会话被标记为未读</value></key><key name="mb"><value>Mb</value></key><key name="new_conversation_link"><value>新</value></key><key name="new_message_count_text"><value>您有 {$count} 个未读消息!</value></key><key name="notification_mail_subject"><value>来自 {$sendername}的消息</value></key><key name="notification_mail_template_html"><value>您好 {$username},&lt;br/&gt;&#13;
			&lt;br/&gt;&#13;
			您收到来自 {$sendername} 用户从
			{$site_name}发来的消息.&lt;br/&gt;&#13;
			&lt;br/&gt;&#13;
			进入 &lt;a href="{$replyUrl}"&gt;{$replyUrl}&lt;/a&gt; 回复此消息. 
			&lt;br/&gt;&#13;
			&lt;br/&gt;&#13;
			诚挚的{$site_name} 管理员敬上!</value></key><key name="notification_mail_template_text"><value>您好 {$username},&#13;
			&#13;
			您收到来自 {$sendername} 用户从 {$site_name}发来的消息.&#13;
			&#13;
			进入 {$replyUrl} 回复此消息. &#13;
			&#13;
			诚挚的, {$site_name} 管理员敬上!</value></key><key name="no_conversations"><value>没有消息</value></key><key name="permission_denied"><value>没有权限</value></key><key name="please_enter_captcha"><value>在您发送消息之前,为了确定不是机器操作,请输入下面的人工验证码:</value></key><key name="please_enter_valid_value"><value>Value is incorrect or greater than server limit.</value></key><key name="read_permission_denied"><value>您没有权限阅读此消息.</value></key><key name="selected_label"><value>选择</value></key><key name="select_all_checkbox"><value>全选</value></key><key name="send_button"><value>发送</value></key><key name="sent_button"><value>已发送</value></key><key name="sent_label"><value>已发送</value></key><key name="sent_message_form_label"><value>回复</value></key><key name="sent_meta_tilte"><value>发送消息 - {$site_name}</value></key><key name="settings_updated"><value>设置更新</value></key><key name="subject"><value>主题</value></key><key name="text"><value>文本</value></key><key name="to"><value>到</value></key><key name="upload_file_cant_write_file_error"><value>无法把文件写入到磁盘.</value></key><key name="upload_file_count_files_error"><value>上传文件个数超过限制!</value></key><key name="upload_file_delete_fail"><value>删除文件失败!</value></key><key name="upload_file_delete_success"><value>删除文件成功!</value></key><key name="upload_file_extension_is_not_allowed"><value>上传文件类型不允许.</value></key><key name="upload_file_fail"><value>文件上传失败!</value></key><key name="upload_file_file_partially_uploaded_error"><value>上传的文件只有部分被上传.</value></key><key name="upload_file_invalid_extention_error"><value>PHP扩展终止了文件上传,PHP不提供确定哪个扩展终止文件的方法.</value></key><key name="upload_file_max_upload_filesize_error"><value>上传的文件超过了最大上传文件限制.</value></key><key name="upload_file_name"><value>文件 {$file_name} :</value></key><key name="upload_file_not_found"><value>上传文件没有找到!</value></key><key name="upload_file_no_file_error"><value>没有文件被上传.</value></key><key name="upload_file_no_tmp_dir_error"><value>缺少临时文件夹.</value></key><key name="upload_max_file_size"><value>最大上传附件大小</value></key><key name="usercredits_action_send_message"><value>发送私信</value></key><key name="write_here"><value>您可以在这里写回复...</value></key><key name="write_permission_denied"><value>您没有权限写入消息.</value></key><key name="you"><value>您</value></key></prefix>
