<?xml version="1.0" encoding="utf-8"?>
<prefix name="newsfeed" label="Newsfeed" language_tag="cn" language_label="简体中文"><key name="activity_string_status_comment"><value>评论了 {$user} 的动态</value></key><key name="activity_string_status_like"><value>喜欢 {$user} 的动态</value></key><key name="activity_string_status_self_comment"><value>评论了他们的动态</value></key><key name="admin_allow_comments_label"><value>启用评论</value></key><key name="admin_allow_likes_label"><value>启用"喜欢"</value></key><key name="admin_comments_count_desc"><value>默认扩展评论数量</value></key><key name="admin_comments_count_label"><value>扩展评论</value></key><key name="admin_customization_legend"><value>这里设置您想接受的动态信息类型,请注意,任何修改只应用于新的内容.</value></key><key name="admin_features_expanded_label"><value>默认开启评论和"喜欢"扩展</value></key><key name="admin_index_status_label"><value>启用索引页上的状态更新</value></key><key name="admin_menu_item_customization"><value>内容</value></key><key name="admin_menu_item_settings"><value>设置</value></key><key name="admin_page_heading"><value>最新动态</value></key><key name="admin_page_title"><value>最新动态</value></key><key name="admin_save_btn"><value>保存</value></key><key name="admin_settings_title"><value>设置</value></key><key name="auth_action_label_add_comment"><value>允许评论</value></key><key name="auth_group_label"><value>最新动态</value></key><key name="comment_btn_label"><value>评论</value></key><key name="customization_changed"><value>设置已保存</value></key><key name="customization_not_changed"><value>设置没有改变</value></key><key name="delete_feed_item_label"><value>删除</value></key><key name="email_notifications_section_label"><value>新闻推送</value></key><key name="email_notifications_setting_status_comment"><value>有人评论我的状态</value></key><key name="email_notifications_setting_status_like"><value>有人喜欢我的状态</value></key><key name="email_notifications_status_comment"><value>&lt;a href="{$userUrl}"&gt;{$userName}&lt;/a&gt; 评论了您的状态: 
			&lt;a href="{$url}"&gt;{$status}&lt;/a&gt;</value></key><key name="email_notifications_status_like"><value>&lt;a href="{$userUrl}"&gt;{$userName}&lt;/a&gt; 喜欢您的状态: 
			&lt;a href="{$url}"&gt;{$status}&lt;/a&gt;</value></key><key name="empty_feed_message"><value>无项目</value></key><key name="feed_action_deleted_message"><value>删除项目</value></key><key name="feed_likes_1_label"><value>{$user1} 喜欢这个</value></key><key name="feed_likes_2_label"><value>{$user1} 和 {$user2} 喜欢这个</value></key><key name="feed_likes_3_label"><value>{$user1}, {$user2} 和 {$user3} 喜欢这个</value></key><key name="feed_likes_list_label"><value>&lt;a href="{$url}"&gt;{$count} 个会员&lt;/a&gt; 喜欢这个</value></key><key name="feed_view_more_btn"><value>查看所有</value></key><key name="follow_button"><value>关注</value></key><key name="follow_complete_message"><value>您现在已经关注 {$username}</value></key><key name="item_deleted_feedback"><value>删除项目</value></key><key name="like_btn_label"><value>喜欢</value></key><key name="privacy_action_view_my_feed"><value>查看我的个人资料动态</value></key><key name="save_customization_btn_label"><value>保存</value></key><key name="settings_updated"><value>设置已更新</value></key><key name="status_btn_label"><value>发送</value></key><key name="status_field_invintation"><value>发生了什么?</value></key><key name="unfollow_button"><value>取消关注</value></key><key name="unfollow_complete_message"><value>您不再关注 {$username}</value></key><key name="unlike_btn_label"><value>不喜欢</value></key><key name="usercredits_action_add_comment"><value>评论动态</value></key><key name="widget_feed_title"><value>动态消息</value></key><key name="widget_settings_count"><value>显示的项目</value></key><key name="widget_settings_view_more"><value>查看所有</value></key></prefix>
