<?xml version="1.0" encoding="utf-8"?>
<prefix name="photo" label="Photo" language_tag="cn" language_label="简体中文"><key name="accepted_filesize"/><key name="accepted_filesize_desc"/><key name="activity_string"/><key name="activity_string_multiple"/><key name="add_description"/><key name="add_new"/><key name="add_tags"/><key name="admin_config"/><key name="admin_menu_general"/><key name="advanced_upload"/><key name="advanced_upload_add_more"/><key name="advanced_upload_browse"/><key name="advanced_upload_complete"/><key name="advanced_upload_confirm"/><key name="advanced_upload_desc"/><key name="advanced_upload_processing"/><key name="advanced_upload_upload"/><key name="advanced_upload_uploading"/><key name="album"/><key name="albums_by"/><key name="album_by"/><key name="album_deleted"/><key name="album_delete_not_allowed"/><key name="album_desc"/><key name="album_quota"/><key name="album_quota_desc"/><key name="album_updated"/><key name="auth_action_label_add_comment"/><key name="auth_action_label_delete_comment_by_content_owner"/><key name="auth_action_label_upload"/><key name="auth_action_label_view"/><key name="auth_group_label"/><key name="auth_upload_permissions"/><key name="auth_view_permissions"/><key name="btn_edit"/><key name="btn_upload"/><key name="cmp_widget_photo_albums_count"/><key name="cmp_widget_photo_albums_show_titles"/><key name="cmp_widget_photo_count"/><key name="comments_count"/><key name="comment_activity_string"/><key name="confirm_delete"/><key name="confirm_delete_album"/><key name="confirm_delete_photos"/><key name="delete_album"/><key name="delete_content"/><key name="delete_content_desc"/><key name="delete_content_warning"/><key name="delete_fullsize_confirm"/><key name="delete_fullsize_photos"/><key name="describe_photo"/><key name="describe_photos"/><key name="description"/><key name="description_desc"/><key name="edit_album"/><key name="email_notifications_comment"/><key name="email_notifications_section_label"/><key name="email_notifications_setting_comment"/><key name="enable_advanced_upload"/><key name="feed_activity_owner_photo_string"/><key name="feed_activity_photo_string"/><key name="feed_activity_photo_string_like"/><key name="feed_content_label"/><key name="feed_goto_album_label"/><key name="feed_more_items"/><key name="feed_multiple_descriptions"/><key name="file_size_validation_error"/><key name="flags"/><key name="fullsize_resolution"/><key name="fullsize_resolution_desc"/><key name="main_size"/><key name="main_size_desc"/><key name="mark_featured"/><key name="menu_featured"/><key name="menu_latest"/><key name="menu_tagged"/><key name="menu_toprated"/><key name="meta_description_photo_featured"/><key name="meta_description_photo_latest"/><key name="meta_description_photo_tagged"/><key name="meta_description_photo_tagged_as"/><key name="meta_description_photo_toprated"/><key name="meta_description_photo_useralbum"/><key name="meta_description_photo_useralbums"/><key name="meta_description_photo_view"/><key name="meta_title_photo_featured"/><key name="meta_title_photo_latest"/><key name="meta_title_photo_tagged"/><key name="meta_title_photo_tagged_as"/><key name="meta_title_photo_toprated"/><key name="meta_title_photo_upload"/><key name="meta_title_photo_useralbum"/><key name="meta_title_photo_useralbums"/><key name="meta_title_photo_view"/><key name="my_albums"/><key name="next"/><key name="not_all_photos_uploaded"/><key name="no_album_found"/><key name="no_photo"/><key name="no_photo_found"/><key name="no_photo_selected"/><key name="no_photo_uploaded"/><key name="of"/><key name="page_title_browse_photos"/><key name="page_title_uninstall"/><key name="page_title_user_albums"/><key name="per_page"/><key name="per_page_desc"/><key name="photo"/><key name="photos_deleted"/><key name="photos_in_album"/><key name="photos_uploaded"/><key name="photo_added"/><key name="photo_album_updated"/><key name="photo_deleted"/><key name="photo_index"/><key name="photo_list_widget"/><key name="photo_not_deleted"/><key name="photo_updated"/><key name="photo_upload_error"/><key name="pic_number"/><key name="plugin_set_for_uninstall"/><key name="preview_size"/><key name="preview_size_desc"/><key name="previous"/><key name="privacy_action_view_album"/><key name="quotas"/><key name="quota_exceeded"/><key name="recently_uploaded"/><key name="remove_from_featured"/><key name="settings_updated"/><key name="simple_upload"/><key name="size_limit"/><key name="status_changed"/><key name="store_full_size"/><key name="tags"/><key name="tags_desc"/><key name="tag_search"/><key name="tag_search_result"/><key name="tb_edit_photo"/><key name="total_albums"/><key name="uninstall_inprogress"/><key name="uninstall_inprogress_desc"/><key name="upload"/><key name="upload_ini_value"/><key name="upload_photos"/><key name="upload_settings"/><key name="usercredits_action_add_comment"/><key name="usercredits_action_add_photo"/><key name="user_photo_albums_widget"/><key name="user_quota"/><key name="user_quota_desc"/><key name="view_fullsize"/><key name="view_settings"/><key name="view_user_albums"/></prefix>
