<?xml version="1.0" encoding="utf-8"?>
<prefix name="video" label="Video" language_tag="cn" language_label="简体中文"><key name="activity_string"><value>&lt;a href="{$userUrl}"&gt;{$user}&lt;/a&gt; 添加新视频:
			&lt;a href="{$url}"&gt;{$clipTitle}&lt;/a&gt;</value></key><key name="added"><value>添加</value></key><key name="add_new"><value>新加</value></key><key name="admin_config"><value>视频 - 插件设置</value></key><key name="admin_menu_general"><value>一般</value></key><key name="auth_action_label_add"><value>添加视频</value></key><key name="auth_action_label_add_comment"><value>评论视频</value></key><key name="auth_action_label_delete_comment_by_content_owner"><value>内容所有者可以删除意见</value></key><key name="auth_action_label_view"><value>查看视频</value></key><key name="auth_add_permissions"><value>由于权限限制,您不允许添加视频</value></key><key name="auth_group_label"><value>视频</value></key><key name="auth_view_permissions"><value>您不被允许观看视频</value></key><key name="btn_add"><value>添加</value></key><key name="btn_edit"><value>保存</value></key><key name="clip_added"><value>视频已添加</value></key><key name="clip_deleted"><value>视频已删除</value></key><key name="clip_not_deleted"><value>视频没有被删除</value></key><key name="clip_updated"><value>视频更新</value></key><key name="cmp_widget_user_video_show_titles"><value>显示视频标题</value></key><key name="cmp_widget_video_count"><value>显示视频的数量</value></key><key name="cmp_widget_video_count_msg"><value>使用1到20之间的数字</value></key><key name="code"><value>嵌入代码</value></key><key name="code_desc"><value>使用如优酷, 土豆 或其他视频潜入代码.</value></key><key name="comment_activity_string"><value>&lt;a href="{$commentorUrl}"&gt;{$commentor}&lt;/a&gt;
			评论 &lt;a href="{$ownerUrl}"&gt;{$owner}&lt;/a&gt;的视频:
			&lt;a href="{$url}"&gt;{$title}&lt;/a&gt;</value></key><key name="confirm_delete"><value>您确定要删除此视频吗?</value></key><key name="description"><value>描述</value></key><key name="description_desc"><value>视频简短说明</value></key><key name="email_notifications_comment"><value>&lt;a href="{$userUrl}"&gt;{$userName}&lt;/a&gt; 评论了您的视频:
		 &lt;a href="{$videoUrl}"&gt;{$videoTitle}&lt;/a&gt;</value></key><key name="email_notifications_section_label"><value>视频</value></key><key name="email_notifications_setting_comment"><value>有人评论我的视频</value></key><key name="feed_activity_owner_video_string"><value>评论他们的视频</value></key><key name="feed_activity_video_string"><value>评论 {$user} 的视频</value></key><key name="feed_activity_video_string_like"><value>喜欢 {$user} 的视频</value></key><key name="feed_content_label"><value>视频</value></key><key name="flags"><value>视频</value></key><key name="mark_featured"><value>标记为精选</value></key><key name="menu_featured"><value>精选</value></key><key name="menu_latest"><value>最新</value></key><key name="menu_tagged"><value>按标签浏览</value></key><key name="menu_toprated"><value>评分最高</value></key><key name="meta_description_user_video"><value>视频由 {$displayName} 提交</value></key><key name="meta_description_video_featured"><value>{$site_name}的最佳视频! 推荐视频!</value></key><key name="meta_description_video_latest"><value>最近上传的视频在 {$site_name}.</value></key><key name="meta_description_video_tagged"><value>按标签浏览: {$topTags}, 和其他.</value></key><key name="meta_description_video_tagged_as"><value>按标签浏览,标签为 '{$tag}'的视频.</value></key><key name="meta_description_video_toprated"><value>{$site_name}上最受好评的用户视频.</value></key><key name="meta_description_video_view"><value>视频标题为 '{$title}', 标签 {$tags}.</value></key><key name="meta_title_user_video"><value>{$displayName}的视频 - {$site_name}</value></key><key name="meta_title_video_add"><value>添加新的视频</value></key><key name="meta_title_video_featured"><value>精选视频  - {$site_name}</value></key><key name="meta_title_video_latest"><value>最近视频 - {$site_name}</value></key><key name="meta_title_video_tagged"><value>按标签浏览视频 - {$site_name}</value></key><key name="meta_title_video_tagged_as"><value>'{$tag}' 视频 - {$site_name}</value></key><key name="meta_title_video_toprated"><value>最受好评的视频 - {$site_name}</value></key><key name="meta_title_video_view"><value>{$title} -  {$site_name}的视频</value></key><key name="my_video"><value>我的视频</value></key><key name="no_video"><value>没有视频</value></key><key name="no_video_found"><value>没有找到相关视频</value></key><key name="other_video"><value>其他用户视频</value></key><key name="page_title_add_video"><value>添加视频</value></key><key name="page_title_browse_video"><value>浏览视频</value></key><key name="page_title_video_by"><value>{$user}的视频</value></key><key name="per_page"><value>个视频每页</value></key><key name="per_page_desc"><value>浏览视频列表</value></key><key name="player_size"><value>主视频播放器的大小</value></key><key name="privacy_action_view_video"><value>查看我的视频</value></key><key name="quota"><value>每个用户最多添加的视频数</value></key><key name="quotas"><value>配额</value></key><key name="quota_desc"><value>使用这个为合理大小</value></key><key name="quota_exceeded"><value>您已经超过了视频上传显示: {$limit}</value></key><key name="remove_from_featured"><value>从精选列表中删除</value></key><key name="resource_not_allowed"><value>视频资源不允许</value></key><key name="settings_updated"><value>视频设置已更新</value></key><key name="size_desc"><value>这是播放器在网页上显示的大小</value></key><key name="status_changed"><value>视频状态已改变</value></key><key name="status_not_changed"><value>视频状态没有关闭</value></key><key name="tags"><value>标签</value></key><key name="tags_desc"><value>逗号隔开</value></key><key name="tag_search"><value>搜索标签</value></key><key name="tag_search_result"><value>标签搜索结果:</value></key><key name="tb_edit_clip"><value>编辑视频</value></key><key name="title"><value>标题</value></key><key name="total_video"><value>共 {$total} 个视频</value></key><key name="usercredits_action_add_comment"><value>评论视频</value></key><key name="usercredits_action_add_video"><value>添加视频</value></key><key name="video"><value>视频</value></key><key name="video_add_tip"><value>本站只允许&lt;b&gt;引用&lt;/b&gt;在其他网站已存在的视频.</value></key><key name="video_by"><value>视频 -</value></key><key name="video_info"><value>视频</value></key><key name="video_list_widget"><value>视频</value></key><key name="view_settings"><value>查看设置</value></key></prefix>
