<?xml version="1.0" encoding="utf-8"?>
<prefix name="ajaxim" label="Instant Chat" language_tag="en" language_label="English"><key name="admin_settings_title"><value>Instant Chat Settings</value></key><key name="auth_action_label_chat"><value>Allow chat</value></key><key name="auth_group_label"><value>Instant Chat</value></key><key name="change_privacy_settings"><value>Change your IM privacy here</value></key><key name="chat"><value>Chat</value></key><key name="delete_chat"><value>Delete chat</value></key><key name="enable_sound_label"><value>Enable sounds</value></key><key name="friends_online"><value>Online friends</value></key><key name="general_settings_title"><value>General Settings</value></key><key name="last_message_sent"><value>Last message sent</value></key><key name="new_message"><value>*** New Message ***</value></key><key name="no_contacts_online"><value>No friends online</value></key><key name="others_online"><value>Others</value></key><key name="privacy_action_invite_to_chat"><value>Who can invite me to chat</value></key><key name="save_btn"><value>Save settings</value></key><key name="send"><value>Send</value></key><key name="settings_friends_only_label"><value>Friends Only Mode</value></key><key name="settings_saved"><value>Settings saved</value></key><key name="user_is_not_authorized_chat"><value>'{$username}' is not authorized to use Instant Chat</value></key><key name="user_is_offline"><value>[username] has gone offline</value></key><key name="user_is_online"><value>[username] is now online</value></key><key name="user_offline"><value>Offline</value></key><key name="user_settings_link"><value>Settings</value></key><key name="user_settings_submit_label"><value>Save settings</value></key><key name="user_settings_title"><value>Instant Chat Settings</value></key><key name="warning_user_privacy_friends_only"><value>{$displayname} only accepts chat requests from friends</value></key></prefix>
